id,country,year,cost_healthy_diet_ppp_usd,annual_cost_healthy_diet_usd,cost_vegetables_ppp_usd,cost_fruits_ppp_usd,total_food_components_cost,continent,cpi
1,Albania,2017,3.04,1109.6,,,,Europe,1.98666133171199
2,Albania,2018,3.13,1142.45,,,,Europe,2.02805963071136
3,Albania,2019,3.32,1211.8,,,,Europe,1.41109078954246
4,Albania,2020,3.4,1241.0,,,,Europe,1.62088661717011
5,Albania,2021,3.49,1273.85,0.6,0.77,1.37,Europe,2.04147163139549
6,Albania,2022,4.14,1511.1,,,,Europe,6.72520271530048
7,Albania,2023,4.58,1671.7,,,,Europe,4.75976421930107
8,Albania,2024,4.77,1741.05,,,,Europe,
9,Algeria,2017,4.1,1496.4999999999998,,,,Africa,5.59111590961664
10,Algeria,2018,4.16,1518.4,,,,Africa,4.26999020467084
11,Algeria,2019,4.18,1525.6999999999998,,,,Africa,1.95176821052892
12,Algeria,2020,4.19,1529.35,,,,Africa,2.41513094083414
13,Algeria,2021,4.47,1631.55,0.72,1.1,1.82,Africa,7.22606307415477
14,Algeria,2022,5.01,1828.65,,,,Africa,9.26551551551553
15,Algeria,2023,5.41,1974.65,,,,Africa,9.32217375928322
16,Algeria,2024,5.53,2018.45,,,,Africa,
17,Angola,2017,3.18,1160.7,,,,Africa,29.8444799015679
18,Angola,2018,3.27,1193.55,,,,Africa,19.6289379701521
19,Angola,2019,3.43,1251.95,,,,Africa,17.080954143438
20,Angola,2020,3.7,1350.5,,,,Africa,22.271539247051
21,Angola,2021,4.11,1500.15,0.44,0.75,1.19,Africa,25.7542948841891
22,Angola,2022,4.55,1660.75,,,,Africa,21.3552901320822
23,Angola,2023,4.72,1722.8,,,,Africa,13.6441017767715
24,Angola,2024,5.0,1825.0,,,,Africa,
25,Antigua and Barbuda,2017,3.77,1376.05,,,,North America,2.43248789041363
26,Antigua and Barbuda,2018,4.24,1547.6,,,,North America,1.20715793367008
27,Antigua and Barbuda,2019,4.38,1598.7,,,,North America,1.43135598182984
28,Antigua and Barbuda,2020,4.67,1704.55,,,,North America,0.625989707046719
29,Antigua and Barbuda,2021,4.92,1795.8,1.26,1.59,2.85,North America,2.06299638545334
30,Antigua and Barbuda,2022,5.46,1992.9,,,,North America,7.53107834634288
31,Antigua and Barbuda,2023,5.8,2117.0,,,,North America,5.06713865364213
32,Antigua and Barbuda,2024,5.9,2153.5,,,,North America,
33,Argentina,2017,3.26,1189.9,,,,South America,
34,Armenia,2017,3.22,1175.3000000000002,,,,Asia,0.969553268816138
35,Armenia,2018,3.31,1208.15,,,,Asia,2.52023382001638
36,Armenia,2019,3.44,1255.6,,,,Asia,1.44344660770698
37,Armenia,2020,3.54,1292.1,,,,Asia,1.21143577838465
38,Armenia,2021,3.8,1387.0,0.6,0.92,1.52,Asia,7.18483629443371
39,Armenia,2022,4.27,1558.55,,,,Asia,8.64091108973855
40,Armenia,2023,4.33,1580.45,,,,Asia,1.98041877615554
41,Armenia,2024,4.35,1587.7499999999998,,,,Asia,
42,Aruba,2017,3.38,1233.7,,,,North America,-1.02828178762012
43,Aruba,2018,3.55,1295.75,,,,North America,3.62604141352961
44,Aruba,2019,3.79,1383.35,,,,North America,4.25746204335428
45,Aruba,2020,3.9,1423.5,,,,North America,
46,Aruba,2021,4.0,1460.0,1.0,1.09,2.09,North America,
47,Aruba,2022,4.5,1642.5,,,,North America,
48,Aruba,2023,4.82,1759.3000000000002,,,,North America,
49,Aruba,2024,5.0,1825.0,,,,North America,
50,Australia,2017,2.33,850.45,,,,Oceania,1.94864740944527
51,Australia,2018,2.36,861.4,,,,Oceania,1.91140094445691
52,Australia,2019,2.4,876.0,,,,Oceania,1.61076787290379
53,Australia,2020,2.51,916.15,,,,Oceania,0.846905537459305
54,Australia,2021,2.61,952.65,0.73,0.78,1.51,Oceania,2.86391042204994
55,Australia,2022,2.88,1051.2,,,,Oceania,6.59409671341846
56,Australia,2023,3.1,1131.5,,,,Oceania,5.5970149253731
57,Australia,2024,3.2,1168.0,,,,Oceania,
58,Austria,2017,2.06,751.9,,,,Europe,2.08126911385587
59,Austria,2018,2.11,770.15,,,,Europe,1.9983798142954
60,Austria,2019,2.19,799.35,,,,Europe,1.53089564152644
61,Austria,2020,2.3,839.4999999999999,,,,Europe,1.38191063351862
62,Austria,2021,2.42,883.3,0.72,0.72,1.44,Europe,2.7666666666667
63,Austria,2022,2.75,1003.75,,,,Europe,8.5468699318845
64,Austria,2023,2.91,1062.15,,,,Europe,7.81413417002832
65,Austria,2024,2.99,1091.35,,,,Europe,
66,Azerbaijan,2017,2.9,1058.5,,,,Asia,12.9359184187335
67,Azerbaijan,2018,2.95,1076.75,,,,Asia,2.26854690373999
68,Azerbaijan,2019,3.1,1131.5,,,,Asia,2.61057182799215
69,Azerbaijan,2020,3.28,1197.1999999999998,,,,Asia,2.75980947008127
70,Azerbaijan,2021,3.44,1255.6,0.46,0.66,1.12,Asia,6.65029912708779
71,Azerbaijan,2022,3.92,1430.8,,,,Asia,13.8522590144267
72,Azerbaijan,2023,4.13,1507.45,,,,Asia,8.78543049849081
73,Azerbaijan,2024,4.2,1533.0,,,,Asia,
74,Bahamas,2017,4.2,1533.0,,,,North America,
75,Bahamas,2018,4.23,1543.95,,,,North America,
76,Bahamas,2019,4.12,1503.8,,,,North America,
77,Bahamas,2020,4.19,1529.35,,,,North America,
78,Bahamas,2021,4.28,1562.2,,,,North America,
79,Bahamas,2022,4.96,1810.4,,,,North America,
80,Bahamas,2023,5.25,1916.25,,,,North America,
81,Bahamas,2024,5.54,2022.1,,,,North America,
82,Bahrain,2017,3.04,1109.6,,,,Asia,1.38671830576406
83,Bahrain,2018,3.19,1164.35,,,,Asia,2.08766938046978
84,Bahrain,2019,3.3,1204.5,,,,Asia,1.00582004702137
85,Bahrain,2020,3.42,1248.3,,,,Asia,-2.31770629331379
86,Bahrain,2021,3.25,1186.25,0.74,0.41,1.15,Asia,-0.60631938514085
87,Bahrain,2022,3.74,1365.1,,,,Asia,3.62574104304482
88,Bahrain,2023,4.12,1503.8,,,,Asia,0.0746206782192256
89,Bahrain,2024,4.33,1580.45,,,,Asia,
90,Bangladesh,2017,3.09,1127.85,,,,Asia,5.70207015717239
91,Bangladesh,2018,3.26,1189.9,,,,Asia,5.54362139486476
92,Bangladesh,2019,3.4,1241.0,,,,Asia,5.59199639930629
93,Bangladesh,2020,3.61,1317.65,,,,Asia,5.69107474746211
94,Bangladesh,2021,3.83,1397.95,0.76,0.66,1.42,Asia,5.54565430773473
95,Bangladesh,2022,4.13,1507.45,,,,Asia,7.69695437176898
96,Bangladesh,2023,4.33,1580.45,,,,Asia,9.8835030377921
97,Bangladesh,2024,4.49,1638.85,,,,Asia,
98,Belarus,2017,3.13,1142.45,,,,Europe,6.03183725177793
99,Belarus,2018,3.13,1142.45,,,,Europe,4.87230220550684
100,Belarus,2019,3.19,1164.35,,,,Europe,5.59815595039854
101,Belarus,2020,3.22,1175.3000000000002,,,,Europe,5.54814357456511
102,Belarus,2021,3.3,1204.5,0.48,0.94,1.42,Europe,9.46028389623103
103,Belarus,2022,3.6,1314.0,,,,Europe,15.209675274081
104,Belarus,2023,3.72,1357.8000000000002,,,,Europe,5.0005990309131
105,Belarus,2024,3.83,1397.95,,,,Europe,
106,Belgium,2017,2.0,730.0,,,,Europe,2.12597086002607
107,Belgium,2018,2.07,755.55,,,,Europe,2.05316499865186
108,Belgium,2019,2.16,788.4000000000001,,,,Europe,1.43681956996429
109,Belgium,2020,2.28,832.1999999999999,,,,Europe,0.740791812220344
110,Belgium,2021,2.26,824.9,0.62,0.74,1.36,Europe,2.44024851144084
111,Belgium,2022,2.49,908.85,,,,Europe,9.597511728725
112,Belgium,2023,2.77,1011.05,,,,Europe,4.04901077613941
113,Belgium,2024,2.81,1025.65,,,,Europe,
114,Belize,2017,2.56,934.4,,,,North America,1.14765339305816
115,Belize,2018,2.69,981.85,,,,North America,0.269982622646335
116,Belize,2019,2.9,1058.5,,,,North America,0.187069385181424
117,Belize,2020,3.16,1153.4,,,,North America,0.121434644614894
118,Belize,2021,3.52,1284.8,1.22,0.28,1.5,North America,3.23563659237071
119,Belize,2022,3.85,1405.25,,,,North America,6.27689319447544
120,Belize,2023,4.32,1576.8000000000002,,,,North America,4.38984017487675
121,Belize,2024,4.54,1657.1,,,,North America,
122,Benin,2017,2.85,1040.25,,,,Africa,0.0432648555103608
123,Benin,2018,2.87,1047.55,,,,Africa,0.919170717886054
124,Benin,2019,2.89,1054.85,,,,Africa,0.732849371240975
125,Benin,2020,2.9,1058.5,,,,Africa,3.02272119663769
126,Benin,2021,3.07,1120.55,0.57,0.36,0.93,Africa,1.73353962694036
127,Benin,2022,3.25,1186.25,,,,Africa,1.35077863583527
128,Benin,2023,3.3,1204.5,,,,Africa,2.73102465280233
129,Benin,2024,3.39,1237.35,,,,Africa,
130,Bermuda,2017,2.88,1051.2,,,,North America,
131,Bermuda,2018,2.94,1073.1,,,,North America,
132,Bermuda,2019,3.12,1138.8,,,,North America,
133,Bermuda,2020,3.33,1215.45,,,,North America,
134,Bermuda,2021,3.55,1295.75,1.07,0.37,1.44,North America,
135,Bermuda,2022,3.96,1445.4,,,,North America,
136,Bermuda,2023,4.23,1543.95,,,,North America,
137,Bermuda,2024,4.39,1602.35,,,,North America,
138,Bhutan,2017,4.14,1511.1,,,,Asia,4.95508366985129
139,Bhutan,2018,4.31,1573.15,,,,Asia,2.7239638618372
140,Bhutan,2019,4.44,1620.6,,,,Asia,2.7264303738882
141,Bhutan,2020,4.86,1773.9,,,,Asia,5.62936522632514
142,Bhutan,2021,5.14,1876.1,0.99,1.5,2.49,Asia,7.3468144053353
143,Bhutan,2022,5.48,2000.2,,,,Asia,5.63916671396365
144,Bhutan,2023,5.69,2076.8500000000004,,,,Asia,4.22934419929261
145,Bhutan,2024,5.96,2175.4,,,,Asia,
146,Bolivia (Plurinational State of),2017,3.62,1321.3,,,,,
147,Bolivia (Plurinational State of),2018,3.61,1317.65,,,,,
148,Bolivia (Plurinational State of),2019,3.75,1368.75,,,,,
149,Bolivia (Plurinational State of),2020,3.78,1379.6999999999998,,,,,
150,Bolivia (Plurinational State of),2021,3.96,1445.4,0.71,0.67,1.38,,
151,Bolivia (Plurinational State of),2022,4.3,1569.5,,,,,
152,Bolivia (Plurinational State of),2023,4.57,1668.0500000000002,,,,,
153,Bolivia (Plurinational State of),2024,4.82,1759.3000000000002,,,,,
154,Bosnia and Herzegovina,2017,4.07,1485.5500000000002,,,,Europe,0.810039425333895
155,Bosnia and Herzegovina,2018,4.13,1507.45,,,,Europe,1.41710814018034
156,Bosnia and Herzegovina,2019,4.34,1584.1,,,,Europe,0.56278215406123
157,Bosnia and Herzegovina,2020,4.34,1584.1,,,,Europe,-1.0512960076349
158,Bosnia and Herzegovina,2021,4.54,1657.1,1.17,0.73,1.9,Europe,1.98163900587622
159,Bosnia and Herzegovina,2022,5.48,2000.2,,,,Europe,14.0208440826771
160,Bosnia and Herzegovina,2023,5.95,2171.75,,,,Europe,6.1059011284828
161,Bosnia and Herzegovina,2024,6.15,2244.75,,,,Europe,
162,Botswana,2017,3.01,1098.65,,,,Africa,3.30828076768219
163,Botswana,2018,3.0,1095.0,,,,Africa,3.23801558947715
164,Botswana,2019,3.04,1109.6,,,,Africa,2.77286442863321
165,Botswana,2020,3.21,1171.65,,,,Africa,1.8903591682421
166,Botswana,2021,3.41,1244.65,0.58,0.43,1.01,Africa,7.24097765588442
167,Botswana,2022,3.62,1321.3,,,,Africa,11.665567478802
168,Botswana,2023,4.01,1463.65,,,,Africa,5.0676154934383
169,Botswana,2024,4.21,1536.65,,,,Africa,
170,Brazil,2017,3.15,1149.75,,,,South America,3.44637335032669
171,Brazil,2018,3.23,1178.95,,,,South America,3.66485028376729
172,Brazil,2019,3.39,1237.35,,,,South America,3.73297621216894
173,Brazil,2020,3.69,1346.85,,,,South America,3.21176803803376
174,Brazil,2021,3.97,1449.0500000000002,0.69,0.67,1.36,South America,8.30165975585673
175,Brazil,2022,4.39,1602.35,,,,South America,9.28010608956873
176,Brazil,2023,4.55,1660.75,,,,South America,4.59356282283204
177,Brazil,2024,4.69,1711.85,,,,South America,
178,British Virgin Islands,2017,3.5,1277.5,,,,North America,
179,British Virgin Islands,2018,3.53,1288.4499999999998,,,,North America,
180,British Virgin Islands,2019,3.64,1328.6,,,,North America,
181,British Virgin Islands,2020,3.78,1379.6999999999998,,,,North America,
182,British Virgin Islands,2021,3.94,1438.1,0.97,0.92,1.89,North America,
183,British Virgin Islands,2022,4.78,1744.7,,,,North America,
184,British Virgin Islands,2023,5.05,1843.25,,,,North America,
185,British Virgin Islands,2024,5.23,1908.95,,,,North America,
186,Brunei Darussalam,2017,4.11,1500.15,,,,,-1.2605056462896
187,Brunei Darussalam,2018,4.26,1554.9,,,,,1.02505179290212
188,Brunei Darussalam,2019,4.36,1591.4,,,,,-0.390522069165529
189,Brunei Darussalam,2020,4.55,1660.75,,,,,1.94031996607184
190,Brunei Darussalam,2021,4.85,1770.2499999999998,1.3,0.93,2.23,,1.73341388450593
191,Brunei Darussalam,2022,5.32,1941.8,,,,,3.68225030604216
192,Brunei Darussalam,2023,5.67,2069.55,,,,,0.35706431153689
193,Brunei Darussalam,2024,5.89,2149.85,,,,,
194,Bulgaria,2017,3.39,1237.35,,,,Europe,2.06159619443141
195,Bulgaria,2018,3.47,1266.5500000000002,,,,Europe,2.81454473824829
196,Bulgaria,2019,3.67,1339.55,,,,Europe,3.10372944796781
197,Bulgaria,2020,3.8,1387.0,,,,Europe,1.67244096855756
198,Bulgaria,2021,3.93,1434.45,0.85,0.87,1.72,Europe,3.29774435299515
199,Bulgaria,2022,4.72,1722.8,,,,Europe,15.3252589264366
200,Bulgaria,2023,5.16,1883.4,,,,Europe,9.44284140088564
201,Bulgaria,2024,5.32,1941.8,,,,Europe,
202,Burkina Faso,2017,2.77,1011.05,,,,Africa,1.48299897161325
203,Burkina Faso,2018,2.82,1029.3,,,,Africa,1.95594302672523
204,Burkina Faso,2019,2.72,992.8,,,,Africa,-3.2333893398333
205,Burkina Faso,2020,2.8,1022.0,,,,Africa,1.88443993781991
206,Burkina Faso,2021,2.97,1084.0500000000002,0.57,0.39,0.96,Africa,3.65353287214209
207,Burkina Faso,2022,3.48,1270.2,,,,Africa,14.2902354303358
208,Burkina Faso,2023,3.55,1295.75,,,,Africa,0.742910428668841
209,Burkina Faso,2024,3.73,1361.45,,,,Africa,
210,Burundi,2017,3.4,1241.0,,,,Africa,16.0525353030392
211,Burundi,2018,3.12,1138.8,,,,Africa,-2.81469807668465
212,Burundi,2019,3.1,1131.5,,,,Africa,-0.686772170797359
213,Burundi,2020,3.33,1215.45,,,,Africa,7.32110643415521
214,Burundi,2021,3.54,1292.1,0.42,0.45,0.87,Africa,8.40453845076341
215,Burundi,2022,4.0,1460.0,,,,Africa,18.8008786664945
216,Burundi,2023,4.5,1642.5,,,,Africa,26.9414835762453
217,Burundi,2024,4.55,1660.75,,,,Africa,
218,Cabo Verde,2017,3.16,1153.4,,,,Africa,0.784415251101334
219,Cabo Verde,2018,2.92,1065.8,,,,Africa,1.25699566690509
220,Cabo Verde,2019,2.86,1043.9,,,,Africa,1.10666674296063
221,Cabo Verde,2020,2.83,1032.95,,,,Africa,0.605795808395385
222,Cabo Verde,2021,2.92,1065.8,0.96,0.51,1.47,Africa,1.86215297494647
223,Cabo Verde,2022,3.38,1233.7,,,,Africa,7.93092925430087
224,Cabo Verde,2023,3.69,1346.85,,,,Africa,3.72437517668748
225,Cabo Verde,2024,3.81,1390.65,,,,Africa,
226,Cambodia,2017,3.55,1295.75,,,,Asia,2.91263557371478
227,Cambodia,2018,3.62,1321.3,,,,Asia,2.45908515380146
228,Cambodia,2019,3.68,1343.2,,,,Asia,1.94257500833107
229,Cambodia,2020,3.84,1401.6,,,,Asia,2.9402951426397
230,Cambodia,2021,3.95,1441.75,1.03,0.56,1.59,Asia,2.92073477592949
231,Cambodia,2022,4.25,1551.25,,,,Asia,5.34370264895437
232,Cambodia,2023,4.47,1631.55,,,,Asia,2.12746796594194
233,Cambodia,2024,4.6,1678.9999999999998,,,,Asia,
234,Cameroon,2017,2.6,949.0,,,,Africa,0.64040914988195
235,Cameroon,2018,2.74,1000.1,,,,Africa,1.0688581131292
236,Cameroon,2019,2.9,1058.5,,,,Africa,2.45280214062732
237,Cameroon,2020,3.1,1131.5,,,,Africa,2.43760882182236
238,Cameroon,2021,3.41,1244.65,0.39,0.27,0.66,Africa,2.27185762503637
239,Cameroon,2022,3.9,1423.5,,,,Africa,6.24767713343861
240,Cameroon,2023,4.2,1533.0,,,,Africa,7.38281384280984
241,Cameroon,2024,4.38,1598.7,,,,Africa,
242,Canada,2017,3.08,1124.2,,,,North America,1.59688412852977
243,Canada,2018,3.13,1142.45,,,,North America,2.26822567248103
244,Canada,2019,3.19,1164.35,,,,North America,1.94926902411593
245,Canada,2020,3.33,1215.45,,,,North America,0.716999632307827
246,Canada,2021,3.52,1284.8,0.88,0.91,1.79,North America,3.39519318527528
247,Canada,2022,3.92,1430.8,,,,North America,6.80280115341613
248,Canada,2023,4.27,1558.55,,,,North America,3.87900159788426
249,Canada,2024,4.39,1602.35,,,,North America,
250,Cayman Islands,2017,3.5,1277.5,,,,North America,
251,Cayman Islands,2018,3.64,1328.6,,,,North America,
252,Cayman Islands,2019,3.61,1317.65,,,,North America,
253,Cayman Islands,2020,3.81,1390.65,,,,North America,
254,Cayman Islands,2021,4.09,1492.85,0.89,1.19,2.08,North America,
255,Cayman Islands,2022,4.33,1580.45,,,,North America,
256,Cayman Islands,2023,4.61,1682.65,,,,North America,
257,Cayman Islands,2024,4.7,1715.5,,,,North America,
258,Central African Republic,2017,2.95,1076.75,,,,Africa,4.18072331871267
259,Central African Republic,2018,3.08,1124.2,,,,Africa,1.61215686991555
260,Central African Republic,2019,3.22,1175.3000000000002,,,,Africa,2.68537355266787
261,Central African Republic,2020,3.38,1233.7,,,,Africa,1.71015659523153
262,Central African Republic,2021,3.63,1324.95,0.94,0.23,1.17,Africa,4.25936417542868
263,Central African Republic,2022,3.92,1430.8,,,,Africa,5.58316735183247
264,Central African Republic,2023,4.08,1489.2,,,,Africa,2.97913852618937
265,Central African Republic,2024,4.21,1536.65,,,,Africa,
266,Chad,2017,2.82,1029.3,,,,Africa,-1.53709962980849
267,Chad,2018,2.8,1022.0,,,,Africa,4.27462198610545
268,Chad,2019,2.8,1022.0,,,,Africa,-0.971939175419317
269,Chad,2020,2.95,1076.75,,,,Africa,4.4641443723286
270,Chad,2021,3.04,1109.6,0.43,0.27,0.7,Africa,-0.772844370359139
271,Chad,2022,3.49,1273.85,,,,Africa,5.78802687843616
272,Chad,2023,3.77,1376.05,,,,Africa,10.8363568399842
273,Chad,2024,3.94,1438.1,,,,Africa,
274,Chile,2017,3.38,1233.7,,,,South America,2.18271846868519
275,Chile,2018,3.52,1284.8,,,,South America,2.43488981353057
276,Chile,2019,3.66,1335.9,,,,South America,2.55754475703327
277,Chile,2020,3.79,1383.35,,,,South America,3.04549084804334
278,Chile,2021,3.87,1412.55,1.05,0.75,1.8,South America,4.52456838259121
279,Chile,2022,4.42,1613.3,,,,South America,11.6438667110561
280,Chile,2023,5.04,1839.6,,,,South America,7.58168251407969
281,Chile,2024,5.22,1905.3,,,,South America,
282,"China, Hong Kong SAR",2017,3.33,1215.45,,,,,
283,"China, Hong Kong SAR",2018,3.44,1255.6,,,,,
284,"China, Hong Kong SAR",2019,3.78,1379.6999999999998,,,,,
285,"China, Hong Kong SAR",2020,4.04,1474.6,,,,,
286,"China, Hong Kong SAR",2021,4.2,1533.0,0.92,0.81,1.73,,
287,"China, Hong Kong SAR",2022,4.65,1697.2500000000002,,,,,
288,"China, Hong Kong SAR",2023,4.77,1741.05,,,,,
289,"China, Hong Kong SAR",2024,4.81,1755.65,,,,,
290,"China, Taiwan Province of",2017,4.0,1460.0,,,,,
291,"China, Taiwan Province of",2021,4.95,1806.75,1.15,0.75,1.9,,
292,"China, mainland",2017,2.8,1022.0,,,,,
293,"China, mainland",2018,2.82,1029.3,,,,,
294,"China, mainland",2019,3.0,1095.0,,,,,
295,"China, mainland",2020,3.25,1186.25,,,,,
296,"China, mainland",2021,3.13,1142.45,0.6,0.74,1.34,,
297,"China, mainland",2022,3.41,1244.65,,,,,
298,"China, mainland",2023,3.53,1288.4499999999998,,,,,
299,"China, mainland",2024,3.6,1314.0,,,,,
300,Colombia,2017,2.84,1036.6,,,,South America,4.31431325695011
301,Colombia,2018,2.87,1047.55,,,,South America,3.24056932930569
302,Colombia,2019,2.95,1076.75,,,,South America,3.52301932741447
303,Colombia,2020,3.15,1149.75,,,,South America,2.52663500084706
304,Colombia,2021,3.3,1204.5,0.8,0.53,1.33,South America,3.49505757399448
305,Colombia,2022,4.06,1481.9,,,,South America,10.1772313546166
306,Colombia,2023,4.69,1711.85,,,,South America,11.7359044948689
307,Colombia,2024,4.67,1704.55,,,,South America,
308,Comoros,2017,4.61,1682.65,,,,Africa,
309,Comoros,2018,4.55,1660.75,,,,Africa,
310,Comoros,2019,4.54,1657.1,,,,Africa,
311,Comoros,2020,4.49,1638.85,,,,Africa,
312,Comoros,2021,4.48,1635.2,1.14,0.47,1.61,Africa,
313,Comoros,2022,4.75,1733.75,,,,Africa,
314,Comoros,2023,4.93,1799.4499999999998,,,,Africa,
315,Comoros,2024,5.14,1876.1,,,,Africa,
316,Congo,2017,3.04,1109.6,,,,,
317,Congo,2018,3.16,1153.4,,,,,
318,Congo,2019,3.24,1182.6,,,,,
319,Congo,2020,3.43,1251.95,,,,,
320,Congo,2021,3.74,1365.1,0.77,0.41,1.18,,
321,Congo,2022,4.16,1518.4,,,,,
322,Congo,2023,4.33,1580.45,,,,,
323,Congo,2024,4.43,1616.9499999999998,,,,,
324,Costa Rica,2017,3.54,1292.1,,,,North America,1.62590692991732
325,Costa Rica,2018,3.58,1306.7,,,,North America,2.22111461526581
326,Costa Rica,2019,3.67,1339.55,,,,North America,2.09604635327807
327,Costa Rica,2020,3.56,1299.4,,,,North America,0.724911478131376
328,Costa Rica,2021,3.7,1350.5,0.86,0.58,1.44,North America,1.72647755109241
329,Costa Rica,2022,4.13,1507.45,,,,North America,8.27477490232654
330,Costa Rica,2023,4.52,1649.8,,,,North America,0.525193508693455
331,Costa Rica,2024,4.62,1686.3,,,,North America,
332,Croatia,2017,3.31,1208.15,,,,Europe,1.12937210282347
333,Croatia,2018,3.35,1222.75,,,,Europe,1.50012501041756
334,Croatia,2019,3.44,1255.6,,,,Europe,0.771820346498019
335,Croatia,2020,3.53,1288.4499999999998,,,,Europe,0.154811374562106
336,Croatia,2021,3.71,1354.15,0.88,0.76,1.64,Europe,2.55450699642041
337,Croatia,2022,4.21,1536.65,,,,Europe,10.7805806758686
338,Croatia,2023,4.52,1649.8,,,,Europe,7.9412817758683
339,Croatia,2024,4.7,1715.5,,,,Europe,
340,CuraÃ§ao,2017,2.95,1076.75,,,,,
341,CuraÃ§ao,2018,3.13,1142.45,,,,,
342,CuraÃ§ao,2019,3.35,1222.75,,,,,
343,CuraÃ§ao,2020,3.65,1332.25,,,,,
344,CuraÃ§ao,2021,4.0,1460.0,0.97,1.0,1.97,,
345,CuraÃ§ao,2022,4.44,1620.6,,,,,
346,CuraÃ§ao,2023,5.01,1828.65,,,,,
347,CuraÃ§ao,2024,5.54,2022.1,,,,,
348,Cyprus,2017,2.89,1054.85,,,,Asia,0.531766496174467
349,Cyprus,2018,2.93,1069.45,,,,Asia,1.43549119531759
350,Cyprus,2019,3.04,1109.6,,,,Asia,0.250370996758493
351,Cyprus,2020,3.14,1146.1,,,,Asia,-0.638422797978959
352,Cyprus,2021,3.1,1131.5,0.72,0.73,1.45,Asia,2.44608867175474
353,Cyprus,2022,3.44,1255.6,,,,Asia,8.39548297993334
354,Cyprus,2023,3.65,1332.25,,,,Asia,3.54134188751663
355,Cyprus,2024,3.82,1394.3,,,,Asia,
356,Czechia,2017,2.81,1025.65,,,,Europe,2.4505339846014
357,Czechia,2018,2.83,1032.95,,,,Europe,2.14949494949493
358,Czechia,2019,2.97,1084.0500000000002,,,,Europe,2.8478759591805
359,Czechia,2020,3.0,1095.0,,,,Europe,3.16129528497801
360,Czechia,2021,2.9,1058.5,0.72,0.61,1.33,Europe,3.83984491500146
361,Czechia,2022,3.36,1226.4,,,,Europe,15.1001651468371
362,Czechia,2023,3.65,1332.25,,,,Europe,10.6612601372426
363,Czechia,2024,3.58,1306.7,,,,Europe,
364,CÃ´te d'Ivoire,2017,2.66,970.9,,,,,
365,CÃ´te d'Ivoire,2018,2.69,981.85,,,,,
366,CÃ´te d'Ivoire,2019,2.66,970.9,,,,,
367,CÃ´te d'Ivoire,2020,2.73,996.45,,,,,
368,CÃ´te d'Ivoire,2021,2.91,1062.15,0.31,0.27,0.5800000000000001,,
369,CÃ´te d'Ivoire,2022,3.25,1186.25,,,,,
370,CÃ´te d'Ivoire,2023,3.45,1259.25,,,,,
371,CÃ´te d'Ivoire,2024,3.58,1306.7,,,,,
372,Democratic Republic of the Congo,2017,4.27,1558.55,,,,,
373,Democratic Republic of the Congo,2018,3.46,1262.9,,,,,
374,Democratic Republic of the Congo,2019,3.44,1255.6,,,,,
375,Democratic Republic of the Congo,2020,3.21,1171.65,,,,,
376,Democratic Republic of the Congo,2021,3.11,1135.15,0.3,0.27,0.5700000000000001,,
377,Democratic Republic of the Congo,2022,3.38,1233.7,,,,,
378,Democratic Republic of the Congo,2023,3.55,1295.75,,,,,
379,Democratic Republic of the Congo,2024,3.46,1262.9,,,,,
380,Denmark,2017,2.2,803.0000000000001,,,,Europe,1.14713216957602
381,Denmark,2018,2.26,824.9,,,,Europe,0.813609467455631
382,Denmark,2019,2.34,854.0999999999999,,,,Europe,0.75813157251162
383,Denmark,2020,2.41,879.6500000000001,,,,Europe,0.420711974110115
384,Denmark,2021,2.49,908.85,0.66,0.6,1.26,Europe,1.8530454398968
385,Denmark,2022,2.72,992.8,,,,Europe,7.6965669988926
386,Denmark,2023,2.94,1073.1,,,,Europe,3.30517811237606
387,Denmark,2024,3.03,1105.9499999999998,,,,Europe,
388,Djibouti,2017,2.97,1084.0500000000002,,,,Africa,0.568112117084804
389,Djibouti,2018,3.0,1095.0,,,,Africa,0.14797084987711
390,Djibouti,2019,3.1,1131.5,,,,Africa,3.31925372703827
391,Djibouti,2020,3.24,1182.6,,,,Africa,1.7774078380617
392,Djibouti,2021,3.4,1241.0,0.64,0.46,1.1,Africa,1.18191775339802
393,Djibouti,2022,3.86,1408.9,,,,Africa,5.17980847967061
394,Djibouti,2023,4.06,1481.9,,,,Africa,1.49506816515088
395,Djibouti,2024,4.2,1533.0,,,,Africa,
396,Dominica,2017,4.28,1562.2,,,,North America,0.296252889279487
397,Dominica,2018,4.55,1660.75,,,,North America,0.98919111918989
398,Dominica,2019,4.75,1733.75,,,,North America,1.50462353858141
399,Dominica,2020,5.0,1825.0,,,,North America,-0.727116412668203
400,Dominica,2021,5.26,1919.9,1.62,0.9,2.52,North America,1.4831944499819
401,Dominica,2022,5.69,2076.8500000000004,,,,North America,7.7806152516404
402,Dominica,2023,6.08,2219.2,,,,North America,4.22769324983409
403,Dominica,2024,6.36,2321.4,,,,North America,
404,Dominican Republic,2017,3.39,1237.35,,,,North America,3.27955694678546
405,Dominican Republic,2018,3.48,1270.2,,,,North America,3.56443426013508
406,Dominican Republic,2019,3.74,1365.1,,,,North America,1.81060377042959
407,Dominican Republic,2020,4.05,1478.25,,,,North America,3.78103179915517
408,Dominican Republic,2021,4.41,1609.65,0.95,0.58,1.5299999999999998,North America,8.24300347981809
409,Dominican Republic,2022,4.87,1777.55,,,,North America,8.81109209279587
410,Dominican Republic,2023,5.21,1901.65,,,,North America,4.78561281021135
411,Dominican Republic,2024,5.4,1971.0,,,,North America,
412,Ecuador,2017,2.5,912.5,,,,South America,0.417335588666825
413,Ecuador,2018,2.54,927.1,,,,South America,-0.224103246005552
414,Ecuador,2019,2.63,959.95,,,,South America,0.266012515466155
415,Ecuador,2020,2.77,1011.05,,,,South America,-0.338872392562139
416,Ecuador,2021,2.91,1062.15,0.44,0.38,0.8200000000000001,South America,0.133251386096389
417,Ecuador,2022,3.19,1164.35,,,,South America,3.46616972213077
418,Ecuador,2023,3.43,1251.95,,,,South America,2.21568764237058
419,Ecuador,2024,3.56,1299.4,,,,South America,
420,Egypt,2017,3.81,1390.65,,,,Africa,
421,Egypt,2018,4.02,1467.3,,,,Africa,
422,Egypt,2019,3.98,1452.7,,,,Africa,
423,Egypt,2020,3.88,1416.2,,,,Africa,
424,Egypt,2021,4.01,1463.65,0.52,0.42,0.94,Africa,
425,Egypt,2022,4.69,1711.85,,,,Africa,
426,Egypt,2023,5.96,2175.4,,,,Africa,
427,Egypt,2024,6.38,2328.7,,,,Africa,
428,Equatorial Guinea,2017,3.7,1350.5,,,,Africa,0.74435474661241
429,Equatorial Guinea,2018,3.77,1376.05,,,,Africa,1.06007410662171
430,Equatorial Guinea,2019,3.81,1390.65,,,,Africa,1.53027528964189
431,Equatorial Guinea,2020,3.93,1434.45,,,,Africa,4.76669523944228
432,Equatorial Guinea,2021,4.07,1485.5500000000002,1.08,0.38,1.46,Africa,-0.0971007664640198
433,Equatorial Guinea,2022,4.43,1616.9499999999998,,,,Africa,4.78671704710803
434,Equatorial Guinea,2023,4.62,1686.3,,,,Africa,
435,Equatorial Guinea,2024,4.79,1748.35,,,,Africa,
436,Estonia,2017,3.14,1146.1,,,,Europe,3.41723549488054
437,Estonia,2018,3.21,1171.65,,,,Europe,3.43632688420446
438,Estonia,2019,3.35,1222.75,,,,Europe,2.27725931243522
439,Estonia,2020,3.43,1251.95,,,,Europe,-0.44453109767983
440,Estonia,2021,3.34,1219.1,0.81,0.64,1.4500000000000002,Europe,4.65316673847473
441,Estonia,2022,3.76,1372.4,,,,Europe,19.3982634080616
442,Estonia,2023,4.21,1536.65,,,,Europe,9.15922507983982
443,Estonia,2024,4.32,1576.8000000000002,,,,Europe,
444,Eswatini,2017,3.36,1226.4,,,,Africa,6.22137528933118
445,Eswatini,2018,3.31,1208.15,,,,Africa,4.81506167461513
446,Eswatini,2019,3.33,1215.45,,,,Africa,2.59801620311077
447,Eswatini,2020,3.41,1244.65,,,,Africa,
448,Eswatini,2021,3.62,1321.3,0.82,0.32,1.14,Africa,
449,Eswatini,2022,3.96,1445.4,,,,Africa,
450,Eswatini,2023,4.09,1492.85,,,,Africa,
451,Eswatini,2024,4.21,1536.65,,,,Africa,
452,Ethiopia,2017,2.94,1073.1,,,,Africa,10.6871150284238
453,Ethiopia,2018,3.03,1105.9499999999998,,,,Africa,13.8330356586661
454,Ethiopia,2019,3.27,1193.55,,,,Africa,15.8096321719344
455,Ethiopia,2020,3.52,1284.8,,,,Africa,20.3563468559061
456,Ethiopia,2021,3.88,1416.2,0.39,0.83,1.22,Africa,26.8395221557722
457,Ethiopia,2022,4.29,1565.85,,,,Africa,33.8898797100898
458,Ethiopia,2023,4.41,1609.65,,,,Africa,30.2188278135278
459,Ethiopia,2024,4.78,1744.7,,,,Africa,
460,Fiji,2017,3.2,1168.0,,,,Oceania,3.3475783475784
461,Fiji,2018,3.26,1189.9,,,,Oceania,4.08147637644526
462,Fiji,2019,3.41,1244.65,,,,Oceania,1.77310182460282
463,Fiji,2020,3.48,1270.2,,,,Oceania,-2.5952432588738
464,Fiji,2021,3.81,1390.65,0.99,0.68,1.67,Oceania,0.155855722131516
465,Fiji,2022,4.18,1525.6999999999998,,,,Oceania,4.52019266394958
466,Fiji,2023,4.58,1671.7,,,,Oceania,2.14817440623896
467,Fiji,2024,4.82,1759.3000000000002,,,,Oceania,
468,Finland,2017,2.53,923.45,,,,Europe,0.754015047084346
469,Finland,2018,2.61,952.65,,,,Europe,1.08382098409305
470,Finland,2019,2.72,992.8,,,,Europe,1.02409392963431
471,Finland,2020,2.81,1025.65,,,,Europe,0.290554555653239
472,Finland,2021,2.87,1047.55,0.89,0.61,1.5,Europe,2.19457432340007
473,Finland,2022,3.25,1186.25,,,,Europe,7.12350773301402
474,Finland,2023,3.52,1284.8,,,,Europe,6.25064322154763
475,Finland,2024,3.57,1303.05,,,,Europe,
476,France,2017,2.58,941.7,,,,Europe,1.03228275064662
477,France,2018,2.65,967.25,,,,Europe,1.85081508315502
478,France,2019,2.83,1032.95,,,,Europe,1.10825492288294
479,France,2020,2.94,1073.1,,,,Europe,0.476498852725066
480,France,2021,2.96,1080.4,0.92,0.86,1.78,Europe,1.64233141038385
481,France,2022,3.32,1211.8,,,,Europe,5.22236748369735
482,France,2023,3.67,1339.55,,,,Europe,4.87835726508441
483,France,2024,3.75,1368.75,,,,Europe,
484,Gabon,2017,3.24,1182.6,,,,Africa,2.65192583143902
485,Gabon,2018,3.31,1208.15,,,,Africa,4.74906652083221
486,Gabon,2019,3.44,1255.6,,,,Africa,2.46456756151187
487,Gabon,2020,3.6,1314.0,,,,Africa,1.35276110675333
488,Gabon,2021,3.81,1390.65,1.09,0.47,1.56,Africa,1.0869074651941
489,Gabon,2022,4.18,1525.6999999999998,,,,Africa,4.23124798274579
490,Gabon,2023,4.45,1624.25,,,,Africa,3.62901534185376
491,Gabon,2024,4.64,1693.6,,,,Africa,
492,Gambia,2017,2.69,981.85,,,,Africa,
493,Gambia,2018,2.86,1043.9,,,,Africa,
494,Gambia,2019,2.98,1087.7,,,,Africa,
495,Gambia,2020,3.18,1160.7,,,,Africa,
496,Gambia,2021,3.45,1259.25,0.38,0.47,0.85,Africa,
497,Gambia,2022,3.81,1390.65,,,,Africa,
498,Gambia,2023,4.13,1507.45,,,,Africa,
499,Gambia,2024,4.43,1616.9499999999998,,,,Africa,
500,Germany,2017,2.64,963.6,,,,Europe,1.50949485109628
501,Germany,2018,2.76,1007.4,,,,Europe,1.73216879766942
502,Germany,2019,2.87,1047.55,,,,Europe,1.44565976888253
503,Germany,2020,2.97,1084.0500000000002,,,,Europe,0.144877925813982
504,Germany,2021,3.1,1131.5,0.86,0.89,1.75,Europe,3.06666666666673
505,Germany,2022,3.54,1292.1,,,,Europe,6.87257438551097
506,Germany,2023,3.89,1419.85,,,,Europe,5.94643667725823
507,Germany,2024,4.0,1460.0,,,,Europe,
508,Ghana,2017,3.54,1292.1,,,,Africa,12.3719215507048
509,Ghana,2018,3.51,1281.15,,,,Africa,7.80876516610703
510,Ghana,2019,3.48,1270.2,,,,Africa,7.14364003330857
511,Ghana,2020,3.46,1262.9,,,,Africa,9.88728956269944
512,Ghana,2021,3.5,1277.5,0.46,0.25,0.71,Africa,9.9710886750444
513,Ghana,2022,3.83,1397.95,,,,Africa,31.2558951049016
514,Ghana,2023,4.29,1565.85,,,,Africa,38.1069656296501
515,Ghana,2024,4.49,1638.85,,,,Africa,
516,Greece,2017,2.93,1069.45,,,,Europe,1.12125452031419
517,Greece,2018,2.99,1091.35,,,,Europe,0.62562141345364
518,Greece,2019,3.1,1131.5,,,,Europe,0.253007522038157
519,Greece,2020,3.13,1142.45,,,,Europe,-1.24798355581405
520,Greece,2021,3.25,1186.25,0.8,0.66,1.46,Europe,1.22382501019854
521,Greece,2022,3.73,1361.45,,,,Europe,9.64525981280632
522,Greece,2023,4.16,1518.4,,,,Europe,3.46480128513405
523,Greece,2024,4.31,1573.15,,,,Europe,
524,Grenada,2017,4.43,1616.9499999999998,,,,North America,0.908458255874249
525,Grenada,2018,4.5,1642.5,,,,North America,0.804102313277033
526,Grenada,2019,4.44,1620.6,,,,North America,0.598149764736022
527,Grenada,2020,4.5,1642.5,,,,North America,-0.740732597045498
528,Grenada,2021,4.59,1675.35,1.29,1.07,2.3600000000000003,North America,1.21951193916838
529,Grenada,2022,5.11,1865.15,,,,North America,2.5805392590792
530,Grenada,2023,5.58,2036.7,,,,North America,2.69612269814564
531,Grenada,2024,5.83,2127.95,,,,North America,
532,Guatemala,2017,2.88,1051.2,,,,North America,4.42453655182538
533,Guatemala,2018,3.12,1138.8,,,,North America,3.75186186704508
534,Guatemala,2019,3.45,1259.25,,,,North America,3.69998398008605
535,Guatemala,2020,3.74,1365.1,,,,North America,3.21444062197345
536,Guatemala,2021,4.01,1463.65,0.64,0.47,1.11,North America,4.26105127422813
537,Guatemala,2022,4.43,1616.9499999999998,,,,North America,6.88512823344287
538,Guatemala,2023,4.78,1744.7,,,,North America,
539,Guatemala,2024,5.03,1835.95,,,,North America,
540,Guinea,2017,2.59,945.35,,,,Africa,8.91435947913097
541,Guinea,2018,2.84,1036.6,,,,Africa,9.82761701259191
542,Guinea,2019,3.05,1113.25,,,,Africa,9.47001039253012
543,Guinea,2020,3.35,1222.75,,,,Africa,10.6016203387167
544,Guinea,2021,3.72,1357.8000000000002,0.48,0.44,0.92,Africa,12.5972882566934
545,Guinea,2022,4.14,1511.1,,,,Africa,10.4930409984424
546,Guinea,2023,4.65,1697.2500000000002,,,,Africa,7.80497591927973
547,Guinea,2024,5.1,1861.5,,,,Africa,
548,Guinea-Bissau,2017,3.01,1098.65,,,,Africa,1.69111461822289
549,Guinea-Bissau,2018,3.04,1109.6,,,,Africa,0.381324702791081
550,Guinea-Bissau,2019,3.14,1146.1,,,,Africa,0.24660026814783
551,Guinea-Bissau,2020,3.24,1182.6,,,,Africa,1.14000939393213
552,Guinea-Bissau,2021,3.45,1259.25,0.85,0.45,1.3,Africa,2.24248879577659
553,Guinea-Bissau,2022,3.74,1365.1,,,,Africa,9.39383877456591
554,Guinea-Bissau,2023,3.98,1452.7,,,,Africa,
555,Guinea-Bissau,2024,4.09,1492.85,,,,Africa,
556,Guyana,2017,4.62,1686.3,,,,South America,1.90465615515584
557,Guyana,2018,4.79,1748.35,,,,South America,1.28284288443528
558,Guyana,2019,5.06,1846.9,,,,South America,2.08723089162013
559,Guyana,2020,5.41,1974.65,,,,South America,0.99333702283873
560,Guyana,2021,5.9,2153.5,,,,South America,5.03285574626702
561,Guyana,2022,6.37,2325.05,,,,South America,6.11505550109935
562,Guyana,2023,6.64,2423.6,,,,South America,2.82110335099641
563,Guyana,2024,6.83,2492.95,,,,South America,
564,Haiti,2017,3.93,1434.45,,,,North America,10.6800887242584
565,Haiti,2018,4.05,1478.25,,,,North America,12.4814111170435
566,Haiti,2019,4.28,1562.2,,,,North America,18.7037825672506
567,Haiti,2020,4.57,1668.0500000000002,,,,North America,22.7963113642528
568,Haiti,2021,4.88,1781.2,,,,North America,16.8415240198785
569,Haiti,2022,5.3,1934.5,,,,North America,33.98393194707
570,Haiti,2023,5.53,2018.45,,,,North America,36.8135162780854
571,Haiti,2024,6.21,2266.65,,,,North America,
572,Honduras,2017,3.69,1346.85,,,,North America,3.93436084442044
573,Honduras,2018,3.66,1335.9,,,,North America,4.34734937777528
574,Honduras,2019,3.64,1328.6,,,,North America,4.36587159819267
575,Honduras,2020,3.76,1372.4,,,,North America,3.46841177951184
576,Honduras,2021,3.81,1390.65,0.77,0.79,1.56,North America,4.48087963413445
577,Honduras,2022,4.28,1562.2,,,,North America,9.08963911525025
578,Honduras,2023,4.64,1693.6,,,,North America,6.66325180347457
579,Honduras,2024,4.75,1733.75,,,,North America,
580,Hungary,2017,3.36,1226.4,,,,Europe,2.34824281150154
581,Hungary,2018,3.45,1259.25,,,,Europe,2.85024792594646
582,Hungary,2019,3.6,1314.0,,,,Europe,3.33858635382008
583,Hungary,2020,3.69,1346.85,,,,Europe,3.32674385766738
584,Hungary,2021,3.68,1343.2,0.98,0.82,1.7999999999999998,Europe,5.11096534382855
585,Hungary,2022,4.46,1627.9,,,,Europe,14.6081439492433
586,Hungary,2023,5.08,1854.2,,,,Europe,17.1249659678737
587,Hungary,2024,5.08,1854.2,,,,Europe,
588,Iceland,2017,2.37,865.0500000000001,,,,Europe,1.76041559180596
589,Iceland,2018,2.41,879.6500000000001,,,,Europe,2.68291768267392
590,Iceland,2019,2.52,919.8,,,,Europe,3.01397179156053
591,Iceland,2020,2.69,981.85,,,,Europe,2.84792401518665
592,Iceland,2021,2.77,1011.05,0.79,0.54,1.33,Europe,4.44423970189739
593,Iceland,2022,3.0,1095.0,,,,Europe,8.3087551155892
594,Iceland,2023,3.21,1171.65,,,,Europe,8.73630299937298
595,Iceland,2024,3.29,1200.85,,,,Europe,
596,India,2017,2.77,1011.05,,,,Asia,3.32817337461298
597,India,2018,2.86,1043.9,,,,Asia,3.9388264669163
598,India,2019,3.01,1098.65,,,,Asia,3.72950573539129
599,India,2020,3.23,1178.95,,,,Asia,6.62343677628535
600,India,2021,3.4,1241.0,0.7,0.58,1.2799999999999998,Asia,5.13140747176369
601,India,2022,3.67,1339.55,,,,Asia,6.69903414079852
602,India,2023,3.86,1408.9,,,,Asia,5.64914318907925
603,India,2024,4.07,1485.5500000000002,,,,Asia,
604,Indonesia,2017,3.61,1317.65,,,,Asia,3.80879806953157
605,Indonesia,2018,3.68,1343.2,,,,Asia,3.1983464156241
606,Indonesia,2019,3.68,1343.2,,,,Asia,3.03058664969487
607,Indonesia,2020,3.86,1408.9,,,,Asia,1.9209680056685
608,Indonesia,2021,4.0,1460.0,0.73,0.86,1.59,Asia,1.56012990525673
609,Indonesia,2022,4.39,1602.35,,,,Asia,4.20946383402165
610,Indonesia,2023,4.63,1689.95,,,,Asia,3.67013142377007
611,Indonesia,2024,4.75,1733.75,,,,Asia,
612,Iran (Islamic Republic of),2017,3.01,1098.65,,,,,
613,Iran (Islamic Republic of),2018,3.11,1135.15,,,,,
614,Iran (Islamic Republic of),2019,3.35,1222.75,,,,,
615,Iran (Islamic Republic of),2020,3.15,1149.75,,,,,
616,Iran (Islamic Republic of),2021,3.37,1230.05,,,,,
617,Iran (Islamic Republic of),2022,4.09,1492.85,,,,,
618,Iran (Islamic Republic of),2023,4.46,1627.9,,,,,
619,Iran (Islamic Republic of),2024,4.39,1602.35,,,,,
620,Iraq,2017,3.32,1211.8,,,,Asia,0.18405889884769
621,Iraq,2018,3.48,1270.2,,,,Asia,0.367441488936849
622,Iraq,2019,3.5,1277.5,,,,Asia,-0.198965380023928
623,Iraq,2020,3.5,1277.5,,,,Asia,0.574162679425795
624,Iraq,2021,3.42,1248.3,0.53,0.54,1.07,Asia,6.04186489058044
625,Iraq,2022,3.76,1372.4,,,,Asia,4.99476596381044
626,Iraq,2023,3.97,1449.0500000000002,,,,Asia,4.35835351089586
627,Iraq,2024,4.1,1496.4999999999998,,,,Asia,
628,Ireland,2017,2.33,850.45,,,,Europe,0.362173038229378
629,Ireland,2018,2.27,828.55,,,,Europe,0.471130713712916
630,Ireland,2019,2.3,839.4999999999999,,,,Europe,0.937842961189274
631,Ireland,2020,2.22,810.3000000000001,,,,Europe,-0.326183651280033
632,Ireland,2021,2.29,835.85,0.57,0.67,1.24,Europe,2.34034113447044
633,Ireland,2022,2.52,919.8,,,,Europe,7.82945736434105
634,Ireland,2023,2.74,1000.1,,,,Europe,6.29942487419125
635,Ireland,2024,2.83,1032.95,,,,Europe,
636,Israel,2017,2.51,916.15,,,,Asia,0.25941497450575
637,Israel,2018,2.58,941.7,,,,Asia,0.794075660242718
638,Israel,2019,2.6,949.0,,,,Asia,0.84978312826417
639,Israel,2020,2.61,952.65,,,,Asia,-0.61441235846577
640,Israel,2021,2.75,1003.75,0.56,0.71,1.27,Asia,1.51020047690539
641,Israel,2022,3.13,1142.45,,,,Asia,4.39359665912654
642,Israel,2023,3.23,1178.95,,,,Asia,4.22535211267609
643,Israel,2024,3.41,1244.65,,,,Asia,
644,Italy,2017,2.74,1000.1,,,,Europe,1.22653316645812
645,Italy,2018,2.83,1032.95,,,,Europe,1.13748763600391
646,Italy,2019,3.01,1098.65,,,,Europe,0.611246943765304
647,Italy,2020,3.09,1127.85,,,,Europe,-0.13770757391651
648,Italy,2021,3.17,1157.05,0.8,0.93,1.73,Europe,1.87378325762481
649,Italy,2022,3.6,1314.0,,,,Europe,8.20128991161718
650,Italy,2023,3.96,1445.4,,,,Europe,5.62219442195901
651,Italy,2024,4.14,1511.1,,,,Europe,
652,Jamaica,2017,4.88,1781.2,,,,North America,4.37839864991561
653,Jamaica,2018,4.78,1744.7,,,,North America,3.73663882152163
654,Jamaica,2019,4.83,1762.95,,,,North America,3.90510000865872
655,Jamaica,2020,4.9,1788.5000000000002,,,,North America,5.2267777929352
656,Jamaica,2021,4.9,1788.5000000000002,1.69,1.24,2.93,North America,5.86278242801063
657,Jamaica,2022,5.41,1974.65,,,,North America,10.3495688391272
658,Jamaica,2023,5.83,2127.95,,,,North America,6.47413734662063
659,Jamaica,2024,6.02,2197.3,,,,North America,
660,Japan,2017,5.48,2000.2,,,,Asia,0.484199796126385
661,Japan,2018,5.65,2062.25,,,,Asia,0.989094598021848
662,Japan,2019,5.57,2033.05,,,,Asia,0.46877615938395
663,Japan,2020,5.8,2117.0,,,,Asia,-0.024995834027731
664,Japan,2021,5.98,2182.7000000000003,1.57,1.3,2.87,Asia,-0.233352779398264
665,Japan,2022,6.66,2430.9,,,,Asia,2.49770278172255
666,Japan,2023,7.29,2660.85,,,,Asia,3.26813365933163
667,Japan,2024,7.62,2781.3,,,,Asia,
668,Jordan,2017,2.88,1051.2,,,,Asia,3.32389447576097
669,Jordan,2018,2.9,1058.5,,,,Asia,4.46231108475481
670,Jordan,2019,2.94,1073.1,,,,Asia,0.761514047265601
671,Jordan,2020,3.02,1102.3,,,,Asia,0.333294350628378
672,Jordan,2021,2.99,1091.35,0.55,0.58,1.13,Asia,1.34609377243118
673,Jordan,2022,3.2,1168.0,,,,Asia,4.22915568897117
674,Jordan,2023,3.28,1197.1999999999998,,,,Asia,2.08486986327134
675,Jordan,2024,3.37,1230.05,,,,Asia,
676,Kazakhstan,2017,2.12,773.8000000000001,,,,Asia,7.44266321306792
677,Kazakhstan,2018,2.13,777.4499999999999,,,,Asia,6.16366247577751
678,Kazakhstan,2019,2.28,832.1999999999999,,,,Asia,5.33356098916669
679,Kazakhstan,2020,2.43,886.95,,,,Asia,6.71815454861464
680,Kazakhstan,2021,2.59,945.35,0.3,0.64,0.94,Asia,8.04147134028396
681,Kazakhstan,2022,2.88,1051.2,,,,Asia,15.0278644440851
682,Kazakhstan,2023,3.02,1102.3,,,,Asia,14.7249900200331
683,Kazakhstan,2024,3.06,1116.9,,,,Asia,
684,Kenya,2017,2.56,934.4,,,,Africa,8.00564967709945
685,Kenya,2018,2.62,956.3,,,,Africa,4.6898064677633
686,Kenya,2019,2.83,1032.95,,,,Africa,5.23963795764792
687,Kenya,2020,3.09,1127.85,,,,Africa,5.40516207933392
688,Kenya,2021,3.42,1248.3,0.38,0.34,0.72,Africa,6.10793603659176
689,Kenya,2022,3.86,1408.9,,,,Africa,7.65986268272224
690,Kenya,2023,4.1,1496.4999999999998,,,,Africa,7.67139634029402
691,Kenya,2024,4.26,1554.9,,,,Africa,
692,Kuwait,2017,2.13,777.4499999999999,,,,Asia,2.17183298510006
693,Kuwait,2018,2.18,795.7,,,,Asia,0.543133148199567
694,Kuwait,2019,2.19,799.35,,,,Asia,1.09184802655856
695,Kuwait,2020,2.22,810.3000000000001,,,,Asia,2.101729548274
696,Kuwait,2021,2.46,897.9,0.87,0.58,1.45,Asia,3.42362947609188
697,Kuwait,2022,2.74,1000.1,,,,Asia,3.98064961990313
698,Kuwait,2023,2.93,1069.45,,,,Asia,3.64216403030709
699,Kuwait,2024,3.09,1127.85,,,,Asia,
700,Kyrgyzstan,2017,3.23,1178.95,,,,Asia,
701,Kyrgyzstan,2018,2.98,1087.7,,,,Asia,
702,Kyrgyzstan,2019,2.94,1073.1,,,,Asia,
703,Kyrgyzstan,2020,3.21,1171.65,,,,Asia,
704,Kyrgyzstan,2021,3.36,1226.4,0.48,0.9,1.38,Asia,
705,Kyrgyzstan,2022,3.7,1350.5,,,,Asia,
706,Kyrgyzstan,2023,3.77,1376.05,,,,Asia,
707,Kyrgyzstan,2024,3.76,1372.4,,,,Asia,
708,Lao People's Democratic Republic,2017,3.74,1365.1,,,,,
709,Lao People's Democratic Republic,2018,3.77,1376.05,,,,,
710,Lao People's Democratic Republic,2019,3.91,1427.15,,,,,
711,Lao People's Democratic Republic,2020,4.22,1540.3,,,,,
712,Lao People's Democratic Republic,2021,4.33,1580.45,0.73,1.02,1.75,,
713,Lao People's Democratic Republic,2022,4.6,1678.9999999999998,,,,,
714,Lao People's Democratic Republic,2023,5.07,1850.55,,,,,
715,Lao People's Democratic Republic,2024,5.19,1894.35,,,,,
716,Latvia,2017,3.04,1109.6,,,,Europe,2.93036312374665
717,Latvia,2018,3.03,1105.9499999999998,,,,Europe,2.53445424186598
718,Latvia,2019,3.19,1164.35,,,,Europe,2.81140920075615
719,Latvia,2020,3.28,1197.1999999999998,,,,Europe,0.219064904842156
720,Latvia,2021,3.55,1295.75,0.85,0.81,1.66,Europe,3.27582937431156
721,Latvia,2022,4.13,1507.45,,,,Europe,17.3102830198815
722,Latvia,2023,4.51,1646.15,,,,Europe,8.93804623316637
723,Latvia,2024,4.72,1722.8,,,,Europe,
724,Lebanon,2017,1.71,624.15,,,,Asia,4.32135218303191
725,Lebanon,2018,1.86,678.9000000000001,,,,Asia,6.07698907889607
726,Lebanon,2019,1.88,686.1999999999999,,,,Asia,3.00538949390383
727,Lebanon,2020,3.15,1149.75,,,,Asia,84.8643330472041
728,Lebanon,2021,3.71,1354.15,0.41,0.74,1.15,Asia,154.756096023393
729,Lebanon,2022,5.58,2036.7,,,,Asia,171.205491336641
730,Lebanon,2023,6.46,2357.9,,,,Asia,221.341644023365
731,Lebanon,2024,6.25,2281.25,,,,Asia,
732,Lesotho,2017,3.59,1310.35,,,,Africa,4.447699373763
733,Lesotho,2018,3.63,1324.95,,,,Africa,4.7518030162474
734,Lesotho,2019,3.74,1365.1,,,,Africa,5.18708359197982
735,Lesotho,2020,4.0,1460.0,,,,Africa,4.97809676252309
736,Lesotho,2021,4.31,1573.15,0.96,0.64,1.6,Africa,6.04774591950676
737,Lesotho,2022,4.68,1708.1999999999998,,,,Africa,8.27180389943028
738,Lesotho,2023,4.96,1810.4,,,,Africa,6.34221743124953
739,Lesotho,2024,5.24,1912.6,,,,Africa,
740,Liberia,2017,3.24,1182.6,,,,Africa,12.4196323907138
741,Liberia,2018,3.3,1204.5,,,,Africa,23.5635148953742
742,Liberia,2019,3.51,1281.15,,,,Africa,26.9662760197878
743,Liberia,2020,3.78,1379.6999999999998,,,,Africa,16.9557241496255
744,Liberia,2021,3.67,1339.55,1.04,0.4,1.44,Africa,7.81559385858648
745,Liberia,2022,3.94,1438.1,,,,Africa,7.59298486560313
746,Liberia,2023,4.17,1522.05,,,,Africa,10.0944535665552
747,Liberia,2024,4.52,1649.8,,,,Africa,
748,Lithuania,2017,2.85,1040.25,,,,Europe,3.72288862303707
749,Lithuania,2018,2.87,1047.55,,,,Europe,2.69792779208394
750,Lithuania,2019,3.04,1109.6,,,,Europe,2.33450937988027
751,Lithuania,2020,3.07,1120.55,,,,Europe,1.19989444983569
752,Lithuania,2021,3.12,1138.8,0.88,0.61,1.49,Europe,4.68354420903453
753,Lithuania,2022,3.66,1335.9,,,,Europe,19.7050461518394
754,Lithuania,2023,3.97,1449.0500000000002,,,,Europe,9.11731962390475
755,Lithuania,2024,4.03,1470.95,,,,Europe,
756,Luxembourg,2017,2.46,897.9,,,,Europe,1.73079959118887
757,Luxembourg,2018,2.59,945.35,,,,Europe,1.5281952430738
758,Luxembourg,2019,2.62,956.3,,,,Europe,1.74332075653848
759,Luxembourg,2020,2.62,956.3,,,,Europe,0.819957302127036
760,Luxembourg,2021,2.65,967.25,0.72,0.76,1.48,Europe,2.52692009066166
761,Luxembourg,2022,2.95,1076.75,,,,Europe,6.33600807777919
762,Luxembourg,2023,3.27,1193.55,,,,Europe,3.74140361983136
763,Luxembourg,2024,3.37,1230.05,,,,Europe,
764,Madagascar,2017,3.08,1124.2,,,,Africa,8.60905075422949
765,Madagascar,2018,3.18,1160.7,,,,Africa,8.59422958870476
766,Madagascar,2019,3.21,1171.65,,,,Africa,5.61051441492365
767,Madagascar,2020,3.2,1168.0,,,,Africa,4.20179312190557
768,Madagascar,2021,3.34,1219.1,0.41,0.43,0.84,Africa,5.81225118787715
769,Madagascar,2022,3.65,1332.25,,,,Africa,8.16059031991844
770,Madagascar,2023,3.87,1412.55,,,,Africa,9.87432675044888
771,Madagascar,2024,3.96,1445.4,,,,Africa,
772,Malawi,2017,2.38,868.6999999999999,,,,Africa,11.5433939188771
773,Malawi,2018,2.52,919.8,,,,Africa,12.420178108921
774,Malawi,2019,2.77,1011.05,,,,Africa,9.3708360560567
775,Malawi,2020,3.09,1127.85,,,,Africa,8.62551469650552
776,Malawi,2021,3.43,1251.95,0.42,0.37,0.79,Africa,9.33014410835212
777,Malawi,2022,3.88,1416.2,,,,Africa,20.953969729969
778,Malawi,2023,4.29,1565.85,,,,Africa,28.7897428247298
779,Malawi,2024,4.64,1693.6,,,,Africa,
780,Malaysia,2017,3.1,1131.5,,,,Asia,3.87120115774237
781,Malaysia,2018,3.2,1168.0,,,,Asia,0.884709160571235
782,Malaysia,2019,3.3,1204.5,,,,Asia,0.662891865764326
783,Malaysia,2020,3.43,1251.95,,,,Asia,-1.1387021539305
784,Malaysia,2021,3.52,1284.8,0.73,0.88,1.61,Asia,2.47710241465447
785,Malaysia,2022,3.89,1419.85,,,,Asia,3.37869862549928
786,Malaysia,2023,4.15,1514.7500000000002,,,,Asia,2.48886560125754
787,Malaysia,2024,4.27,1558.55,,,,Asia,
788,Maldives,2017,3.36,1226.4,,,,Asia,2.81747338234509
789,Maldives,2018,3.34,1219.1,,,,Asia,-0.133373386117595
790,Maldives,2019,3.28,1197.1999999999998,,,,Asia,0.220029731065383
791,Maldives,2020,3.33,1215.45,,,,Asia,-1.36977425569811
792,Maldives,2021,3.39,1237.35,1.08,0.85,1.93,Asia,0.543149688737013
793,Maldives,2022,3.74,1365.1,,,,Asia,2.33314337624567
794,Maldives,2023,4.01,1463.65,,,,Asia,2.92746542425035
795,Maldives,2024,4.3,1569.5,,,,Asia,
796,Mali,2017,2.97,1084.0500000000002,,,,Africa,1.75985742927156
797,Mali,2018,2.96,1080.4,,,,Africa,0.299546507387934
798,Mali,2019,2.97,1084.0500000000002,,,,Africa,-1.65826694846365
799,Mali,2020,3.04,1109.6,,,,Africa,0.438088940320668
800,Mali,2021,3.16,1153.4,0.47,0.35,0.82,Africa,3.92560283104276
801,Mali,2022,3.56,1299.4,,,,Africa,9.62147608489072
802,Mali,2023,3.72,1357.8000000000002,,,,Africa,2.05880228274214
803,Mali,2024,3.86,1408.9,,,,Africa,
804,Malta,2017,3.35,1222.75,,,,Europe,1.36435448150708
805,Malta,2018,3.49,1273.85,,,,Europe,1.15782362451517
806,Malta,2019,3.75,1368.75,,,,Europe,1.6420600176894
807,Malta,2020,3.74,1365.1,,,,Europe,0.638544956776712
808,Malta,2021,3.79,1383.35,0.79,1.06,1.85,Europe,1.49789217934724
809,Malta,2022,4.28,1562.2,,,,Europe,6.15375621933037
810,Malta,2023,4.66,1700.9,,,,Europe,5.09396758978883
811,Malta,2024,4.89,1784.85,,,,Europe,
812,Mauritania,2017,3.86,1408.9,,,,Africa,2.25427651934813
813,Mauritania,2018,3.92,1430.8,,,,Africa,3.06735996058356
814,Mauritania,2019,4.02,1467.3,,,,Africa,2.30009262117937
815,Mauritania,2020,4.13,1507.45,,,,Africa,2.3856948845632
816,Mauritania,2021,4.43,1616.9499999999998,0.9,0.92,1.82,Africa,3.56516484650185
817,Mauritania,2022,5.04,1839.6,,,,Africa,9.52526628622843
818,Mauritania,2023,5.28,1927.2,,,,Africa,4.95305034506872
819,Mauritania,2024,5.4,1971.0,,,,Africa,
820,Mauritius,2017,3.38,1233.7,,,,Africa,3.66699702675916
821,Mauritius,2018,3.41,1244.65,,,,Africa,3.21605383144579
822,Mauritius,2019,3.46,1262.9,,,,Africa,0.405655190309553
823,Mauritius,2020,3.64,1328.6,,,,Africa,2.5808007718283
824,Mauritius,2021,3.77,1376.05,1.26,0.49,1.75,Africa,4.02852888157376
825,Mauritius,2022,4.21,1536.65,,,,Africa,10.7737512242899
826,Mauritius,2023,4.42,1613.3,,,,Africa,7.05298238454743
827,Mauritius,2024,4.72,1722.8,,,,Africa,
828,Mexico,2017,2.9,1058.5,,,,North America,6.04145724018986
829,Mexico,2018,2.97,1084.0500000000002,,,,North America,4.89935015356551
830,Mexico,2019,2.98,1087.7,,,,North America,3.63596142127046
831,Mexico,2020,3.07,1120.55,,,,North America,3.39683415570006
832,Mexico,2021,3.27,1193.55,0.79,0.57,1.36,North America,5.68920847683753
833,Mexico,2022,3.85,1405.25,,,,North America,7.8962761916855
834,Mexico,2023,4.2,1533.0,,,,North America,5.52796087314389
835,Mexico,2024,4.41,1609.65,,,,North America,
836,Mongolia,2017,4.11,1500.15,,,,Asia,4.30143105302342
837,Mongolia,2018,4.26,1554.9,,,,Asia,6.82424790145522
838,Mongolia,2019,4.56,1664.4,,,,Asia,7.30106953550723
839,Mongolia,2020,5.01,1828.65,,,,Asia,3.79604026111247
840,Mongolia,2021,5.55,2025.75,0.9,2.5,3.4,Asia,7.35281243380219
841,Mongolia,2022,6.17,2252.05,,,,Asia,15.1479560897226
842,Mongolia,2023,6.74,2460.1,,,,Asia,10.3475831314339
843,Mongolia,2024,7.02,2562.3,,,,Asia,
844,Montenegro,2017,3.21,1171.65,,,,Europe,2.3802359905313
845,Montenegro,2018,3.24,1182.6,,,,Europe,2.611223782638
846,Montenegro,2019,3.49,1273.85,,,,Europe,0.361563704540767
847,Montenegro,2020,3.43,1251.95,,,,Europe,-0.255655699848551
848,Montenegro,2021,3.63,1324.95,0.88,0.69,1.5699999999999998,Europe,2.41080198403165
849,Montenegro,2022,4.4,1606.0000000000002,,,,Europe,13.0403036347004
850,Montenegro,2023,4.74,1730.1,,,,Europe,8.58476910455403
851,Montenegro,2024,4.78,1744.7,,,,Europe,
852,Morocco,2017,2.63,959.95,,,,Africa,0.754663249323619
853,Morocco,2018,2.5,912.5,,,,Africa,1.80391671141896
854,Morocco,2019,2.47,901.55,,,,Africa,0.303386036590383
855,Morocco,2020,2.47,901.55,,,,Africa,0.705968661338261
856,Morocco,2021,2.76,1007.4,0.52,0.45,0.97,Africa,1.40195883962006
857,Morocco,2022,3.11,1135.15,,,,Africa,6.65704202759067
858,Morocco,2023,3.45,1259.25,,,,Africa,6.09114152504141
859,Morocco,2024,3.54,1292.1,,,,Africa,
860,Mozambique,2017,2.74,1000.1,,,,Africa,15.1132073899384
861,Mozambique,2018,2.71,989.15,,,,Africa,3.91133439990723
862,Mozambique,2019,2.77,1011.05,,,,Africa,2.80270307928106
863,Mozambique,2020,2.93,1069.45,,,,Africa,3.48393567493209
864,Mozambique,2021,3.23,1178.95,0.54,0.22,0.76,Africa,6.40847652975692
865,Mozambique,2022,3.57,1303.05,,,,Africa,10.2794018093421
866,Mozambique,2023,3.81,1390.65,,,,Africa,7.12697482131851
867,Mozambique,2024,4.14,1511.1,,,,Africa,
868,Myanmar,2017,3.56,1299.4,,,,Asia,4.5725365531752
869,Myanmar,2018,3.7,1350.5,,,,Asia,6.87232865662935
870,Myanmar,2019,3.93,1434.45,,,,Asia,8.82506696804558
871,Myanmar,2020,3.96,1445.4,,,,Asia,
872,Myanmar,2021,3.64,1328.6,,,,Asia,
873,Myanmar,2022,3.88,1416.2,,,,Asia,
874,Myanmar,2023,3.72,1357.8000000000002,,,,Asia,
875,Myanmar,2024,3.49,1273.85,,,,Asia,
876,Namibia,2017,3.26,1189.9,,,,Africa,6.14579981111164
877,Namibia,2018,3.26,1189.9,,,,Africa,4.29159105337875
878,Namibia,2019,3.33,1215.45,,,,Africa,3.72239414422695
879,Namibia,2020,3.51,1281.15,,,,Africa,2.20938236933469
880,Namibia,2021,3.75,1368.75,0.95,0.66,1.61,Africa,3.61690530108814
881,Namibia,2022,4.11,1500.15,,,,Africa,6.08128114112413
882,Namibia,2023,4.5,1642.5,,,,Africa,5.87993463284275
883,Namibia,2024,4.67,1704.55,,,,Africa,
884,Nepal,2017,3.35,1222.75,,,,Asia,3.62709610696607
885,Nepal,2018,3.32,1211.8,,,,Asia,4.0611633875107
886,Nepal,2019,3.36,1226.4,,,,Asia,5.56868547784929
887,Nepal,2020,3.51,1281.15,,,,Asia,5.05236655289212
888,Nepal,2021,3.62,1321.3,0.78,0.71,1.49,Asia,4.14968003360264
889,Nepal,2022,3.89,1419.85,,,,Asia,7.6507917679853
890,Nepal,2023,4.01,1463.65,,,,Asia,7.11475951738199
891,Nepal,2024,4.2,1533.0,,,,Asia,
892,Netherlands (Kingdom of the),2017,2.21,806.65,,,,,
893,Netherlands (Kingdom of the),2018,2.27,828.55,,,,,
894,Netherlands (Kingdom of the),2019,2.39,872.35,,,,,
895,Netherlands (Kingdom of the),2020,2.49,908.85,,,,,
896,Netherlands (Kingdom of the),2021,2.54,927.1,0.59,0.69,1.2799999999999998,,
897,Netherlands (Kingdom of the),2022,2.9,1058.5,,,,,
898,Netherlands (Kingdom of the),2023,3.13,1142.45,,,,,
899,Netherlands (Kingdom of the),2024,3.17,1157.05,,,,,
900,New Zealand,2017,2.65,967.25,,,,Oceania,1.85078767452536
901,New Zealand,2018,2.57,938.05,,,,Oceania,1.59829703801696
902,New Zealand,2019,2.7,985.5,,,,Oceania,1.61963190184048
903,New Zealand,2020,2.83,1032.95,,,,Oceania,1.71456170007245
904,New Zealand,2021,2.86,1043.9,0.61,0.86,1.47,Oceania,3.94112060778728
905,New Zealand,2022,3.28,1197.1999999999998,,,,Oceania,7.17222476016441
906,New Zealand,2023,3.56,1299.4,,,,Oceania,5.73316283034957
907,New Zealand,2024,3.56,1299.4,,,,Oceania,
908,Nicaragua,2017,3.72,1357.8000000000002,,,,North America,3.85067166284727
909,Nicaragua,2018,3.73,1361.45,,,,North America,4.94723728039886
910,Nicaragua,2019,3.78,1379.6999999999998,,,,North America,5.37628990844126
911,Nicaragua,2020,3.89,1419.85,,,,North America,3.68181341625572
912,Nicaragua,2021,4.06,1481.9,0.89,0.54,1.4300000000000002,North America,4.92841396948968
913,Nicaragua,2022,4.59,1675.35,,,,North America,10.4674244465991
914,Nicaragua,2023,4.9,1788.5000000000002,,,,North America,8.38765854872536
915,Niger,2017,3.25,1186.25,,,,Africa,2.79637318871275
916,Niger,2018,3.27,1193.55,,,,Africa,2.96760366004456
917,Niger,2019,3.34,1219.1,,,,Africa,-2.48979265070846
918,Niger,2020,3.6,1314.0,,,,Africa,2.8981937602627
919,Niger,2021,4.02,1467.3,0.53,0.81,1.34,Africa,3.83786802840501
920,Niger,2022,4.48,1635.2,,,,Africa,4.22621791916393
921,Niger,2023,4.68,1708.1999999999998,,,,Africa,3.70097316425842
922,Niger,2024,4.98,1817.7,,,,Africa,
923,Nigeria,2017,2.78,1014.7,,,,Africa,16.5022662139641
924,Nigeria,2018,2.96,1080.4,,,,Africa,12.0951065173432
925,Nigeria,2019,3.16,1153.4,,,,Africa,11.3964223378115
926,Nigeria,2020,3.41,1244.65,,,,Africa,13.2460234276597
927,Nigeria,2021,3.76,1372.4,0.8,0.37,1.17,Africa,16.9528457221608
928,Nigeria,2022,4.12,1503.8,,,,Africa,18.8471877843274
929,Nigeria,2023,4.39,1602.35,,,,Africa,24.6595502031139
930,Nigeria,2024,4.72,1722.8,,,,Africa,
931,North Macedonia,2017,3.29,1200.85,,,,Europe,1.35161889677442
932,North Macedonia,2018,3.3,1204.5,,,,Europe,1.45831298507117
933,North Macedonia,2019,3.48,1270.2,,,,Europe,0.766439573459716
934,North Macedonia,2020,3.51,1281.15,,,,Europe,1.20007348888487
935,North Macedonia,2021,3.84,1401.6,0.77,0.78,1.55,Europe,3.23074912132919
936,North Macedonia,2022,4.47,1631.55,,,,Europe,14.2047173195833
937,North Macedonia,2023,4.74,1730.1,,,,Europe,9.36187249769016
938,North Macedonia,2024,4.85,1770.2499999999998,,,,Europe,
939,Norway,2017,3.32,1211.8,,,,Europe,1.87510059552554
940,Norway,2018,3.43,1251.95,,,,Europe,2.76483134528788
941,Norway,2019,3.53,1288.4499999999998,,,,Europe,2.16773003305402
942,Norway,2020,3.61,1317.65,,,,Europe,1.28658490708005
943,Norway,2021,3.63,1324.95,0.93,0.78,1.71,Europe,3.48388055266678
944,Norway,2022,3.98,1452.7,,,,Europe,5.76412317852272
945,Norway,2023,4.33,1580.45,,,,Europe,5.51784987104659
946,Norway,2024,4.55,1660.75,,,,Europe,
947,Oman,2017,2.29,835.85,,,,Asia,1.58909413567799
948,Oman,2018,2.39,872.35,,,,Asia,0.889312370970404
949,Oman,2019,2.49,908.85,,,,Asia,0.490815362820671
950,Oman,2020,2.48,905.2,,,,Asia,-0.40640291946585
951,Oman,2021,2.45,894.2500000000001,0.44,0.41,0.85,Asia,1.68221185876085
952,Oman,2022,2.7,985.5,,,,Asia,2.5061425061425
953,Oman,2023,2.87,1047.55,,,,Asia,0.950782997762827
954,Oman,2024,3.03,1105.9499999999998,,,,Asia,
955,Pakistan,2017,2.97,1084.0500000000002,,,,Asia,4.08537368032608
956,Pakistan,2018,2.91,1062.15,,,,Asia,5.07805725868917
957,Pakistan,2019,2.95,1076.75,,,,Asia,10.5783618004555
958,Pakistan,2020,3.18,1160.7,,,,Asia,9.73999313898155
959,Pakistan,2021,3.3,1204.5,0.39,0.77,1.16,Asia,9.49621056124947
960,Pakistan,2022,3.7,1350.5,,,,Asia,19.8738599646655
961,Pakistan,2023,4.08,1489.2,,,,Asia,30.7681280657005
962,Pakistan,2024,3.95,1441.75,,,,Asia,
963,Palestine,2017,2.52,919.8,,,,Asia,
964,Palestine,2018,2.65,967.25,,,,Asia,
965,Palestine,2019,2.76,1007.4,,,,Asia,
966,Palestine,2020,2.77,1011.05,,,,Asia,
967,Palestine,2021,2.72,992.8,0.45,0.48,0.93,Asia,
968,Palestine,2022,3.03,1105.9499999999998,,,,Asia,
969,Palestine,2023,3.16,1153.4,,,,Asia,
970,Palestine,2024,3.33,1215.45,,,,Asia,
971,Panama,2017,4.19,1529.35,,,,North America,0.875585918759878
972,Panama,2018,3.88,1416.2,,,,North America,0.761578359399944
973,Panama,2019,3.78,1379.6999999999998,,,,North America,-0.355083821021245
974,Panama,2020,3.65,1332.25,,,,North America,-1.5502754080376
975,Panama,2021,3.63,1324.95,0.92,0.62,1.54,North America,1.63070337301898
976,Panama,2022,3.96,1445.4,,,,North America,2.85965128834711
977,Panama,2023,4.2,1533.0,,,,North America,1.48641355277038
978,Panama,2024,4.34,1584.1,,,,North America,
979,Paraguay,2017,3.74,1365.1,,,,South America,3.60247741348943
980,Paraguay,2018,3.73,1361.45,,,,South America,3.97561015740694
981,Paraguay,2019,3.71,1354.15,,,,South America,2.75709727562775
982,Paraguay,2020,3.73,1361.45,,,,South America,1.76751592356698
983,Paraguay,2021,3.95,1441.75,0.97,0.7,1.67,South America,4.787983101236
984,Paraguay,2022,4.47,1631.55,,,,South America,9.76556667164402
985,Paraguay,2023,4.71,1719.15,,,,South America,4.63202285403356
986,Paraguay,2024,5.04,1839.6,,,,South America,
987,Peru,2017,3.25,1186.25,,,,South America,2.99490045809443
988,Peru,2018,3.19,1164.35,,,,South America,1.50915423024742
989,Peru,2019,3.24,1182.6,,,,South America,2.25212191358027
990,Peru,2020,3.34,1219.1,,,,South America,2.00241205759292
991,Peru,2021,3.5,1277.5,0.6,0.61,1.21,South America,4.27166381536798
992,Peru,2022,3.94,1438.1,,,,South America,8.33370630096231
993,Peru,2023,4.3,1569.5,,,,South America,6.45561348369586
994,Peru,2024,4.34,1584.1,,,,South America,
995,Philippines,2017,3.26,1189.9,,,,Asia,2.85318772590947
996,Philippines,2018,3.4,1241.0,,,,Asia,5.30934661627707
997,Philippines,2019,3.47,1266.5500000000002,,,,Asia,2.39206534422404
998,Philippines,2020,3.55,1295.75,,,,Asia,2.3931623931624
999,Philippines,2021,3.73,1361.45,0.99,0.74,1.73,Asia,3.92718022100332
1000,Philippines,2022,3.97,1449.0500000000002,,,,Asia,5.82115811213955
1001,Philippines,2023,4.21,1536.65,,,,Asia,5.97802515541409
1002,Philippines,2024,4.39,1602.35,,,,Asia,
1003,Poland,2017,2.95,1076.75,,,,Europe,2.0759355367385
1004,Poland,2018,3.03,1105.9499999999998,,,,Europe,1.81295156542679
1005,Poland,2019,3.25,1186.25,,,,Europe,2.227478809383
1006,Poland,2020,3.38,1233.7,,,,Europe,3.37446972618589
1007,Poland,2021,3.35,1222.75,1.03,0.63,1.66,Europe,5.05502704719272
1008,Poland,2022,3.8,1387.0,,,,Europe,14.4294507575758
1009,Poland,2023,4.04,1474.6,,,,Europe,11.5289127961105
1010,Poland,2024,4.14,1511.1,,,,Europe,
1011,Portugal,2017,2.64,963.6,,,,Europe,1.36861411643472
1012,Portugal,2018,2.73,996.45,,,,Europe,0.993715683468326
1013,Portugal,2019,2.85,1040.25,,,,Europe,0.338178410046034
1014,Portugal,2020,2.87,1047.55,,,,Europe,-0.0124383299575305
1015,Portugal,2021,2.99,1091.35,0.82,0.62,1.44,Europe,1.26565719069044
1016,Portugal,2022,3.51,1281.15,,,,Europe,7.83269124233323
1017,Portugal,2023,3.82,1394.3,,,,Europe,4.31128191898672
1018,Portugal,2024,3.93,1434.45,,,,Europe,
1019,Qatar,2017,2.32,846.8,,,,Asia,0.394878914083005
1020,Qatar,2018,2.43,886.95,,,,Asia,0.255815382724408
1021,Qatar,2019,2.45,894.2500000000001,,,,Asia,-0.666641124861147
1022,Qatar,2020,2.44,890.6,,,,Asia,-2.5403150300476
1023,Qatar,2021,2.35,857.75,0.43,0.41,0.84,Asia,2.30446565742003
1024,Qatar,2022,2.52,919.8,,,,Asia,4.99527553740761
1025,Qatar,2023,2.58,941.7,,,,Asia,3.02764899198902
1026,Qatar,2024,2.66,970.9,,,,Asia,
1027,Republic of Korea,2017,4.73,1726.45,,,,,
1028,Republic of Korea,2018,4.92,1795.8,,,,,
1029,Republic of Korea,2019,4.9,1788.5000000000002,,,,,
1030,Republic of Korea,2020,5.18,1890.7,,,,,
1031,Republic of Korea,2021,5.55,2025.75,1.62,1.39,3.01,,
1032,Republic of Korea,2022,6.05,2208.25,,,,,
1033,Republic of Korea,2023,6.39,2332.35,,,,,
1034,Republic of Korea,2024,6.68,2438.2,,,,,
1035,Republic of Moldova,2017,2.34,854.0999999999999,,,,,
1036,Republic of Moldova,2018,2.47,901.55,,,,,
1037,Republic of Moldova,2019,2.65,967.25,,,,,
1038,Republic of Moldova,2020,2.9,1058.5,,,,,
1039,Republic of Moldova,2021,3.08,1124.2,0.44,0.81,1.25,,
1040,Republic of Moldova,2022,3.42,1248.3,,,,,
1041,Republic of Moldova,2023,3.56,1299.4,,,,,
1042,Republic of Moldova,2024,3.69,1346.85,,,,,
1043,Romania,2017,2.79,1018.35,,,,Europe,1.3390212110439
1044,Romania,2018,2.84,1036.6,,,,Europe,4.62548443137779
1045,Romania,2019,3.03,1105.9499999999998,,,,Europe,3.82785432599438
1046,Romania,2020,3.17,1157.05,,,,Europe,2.63107311184743
1047,Romania,2021,3.22,1175.3000000000002,0.52,0.71,1.23,Europe,5.05232876096582
1048,Romania,2022,3.57,1303.05,,,,Europe,13.7954887432521
1049,Romania,2023,3.93,1434.45,,,,Europe,10.3971874764996
1050,Romania,2024,4.39,1602.35,,,,Europe,
1051,Russian Federation,2017,2.25,821.25,,,,,3.68332944412233
1052,Russian Federation,2018,2.28,832.1999999999999,,,,,2.87829723647884
1053,Russian Federation,2019,2.45,894.2500000000001,,,,,4.47036660760173
1054,Russian Federation,2020,2.57,938.05,,,,,3.38165937237898
1055,Russian Federation,2021,2.77,1011.05,0.55,0.65,1.2000000000000002,,6.69445891957612
1056,Russian Federation,2022,3.09,1127.85,,,,,
1057,Russian Federation,2023,3.17,1157.05,,,,,
1058,Russian Federation,2024,3.29,1200.85,,,,,
1059,Rwanda,2017,3.05,1113.25,,,,Africa,8.27953672260832
1060,Rwanda,2018,2.89,1054.85,,,,Africa,-0.311210160390699
1061,Rwanda,2019,2.98,1087.7,,,,Africa,3.34787655037648
1062,Rwanda,2020,3.3,1204.5,,,,Africa,9.85039902274207
1063,Rwanda,2021,3.31,1208.15,0.33,0.41,0.74,Africa,-0.391346748300791
1064,Rwanda,2022,3.87,1412.55,,,,Africa,17.6892095588153
1065,Rwanda,2023,4.59,1675.35,,,,Africa,19.789546746467
1066,Rwanda,2024,4.52,1649.8,,,,Africa,
1067,Saint Kitts and Nevis,2017,3.37,1230.05,,,,North America,
1068,Saint Kitts and Nevis,2018,3.51,1281.15,,,,North America,
1069,Saint Kitts and Nevis,2019,3.65,1332.25,,,,North America,
1070,Saint Kitts and Nevis,2020,3.81,1390.65,,,,North America,
1071,Saint Kitts and Nevis,2021,3.95,1441.75,1.16,0.9,2.06,North America,
1072,Saint Kitts and Nevis,2022,4.59,1675.35,,,,North America,
1073,Saint Kitts and Nevis,2023,4.84,1766.6,,,,North America,
1074,Saint Kitts and Nevis,2024,5.04,1839.6,,,,North America,
1075,Saint Lucia,2017,3.6,1314.0,,,,North America,
1076,Saint Lucia,2018,3.8,1387.0,,,,North America,
1077,Saint Lucia,2019,4.03,1470.95,,,,North America,
1078,Saint Lucia,2020,4.41,1609.65,,,,North America,
1079,Saint Lucia,2021,4.57,1668.0500000000002,1.28,0.6,1.88,North America,
1080,Saint Lucia,2022,4.9,1788.5000000000002,,,,North America,
1081,Saint Lucia,2023,5.22,1905.3,,,,North America,
1082,Saint Lucia,2024,5.16,1883.4,,,,North America,
1083,Saint Vincent and the Grenadines,2017,4.3,1569.5,,,,North America,
1084,Saint Vincent and the Grenadines,2018,4.44,1620.6,,,,North America,
1085,Saint Vincent and the Grenadines,2019,4.48,1635.2,,,,North America,
1086,Saint Vincent and the Grenadines,2020,4.65,1697.2500000000002,,,,North America,
1087,Saint Vincent and the Grenadines,2021,4.87,1777.55,1.53,0.72,2.25,North America,
1088,Saint Vincent and the Grenadines,2022,5.48,2000.2,,,,North America,
1089,Saint Vincent and the Grenadines,2023,6.03,2200.9500000000003,,,,North America,
1090,Saint Vincent and the Grenadines,2024,6.43,2346.95,,,,North America,
1091,Sao Tome and Principe,2017,2.31,843.15,,,,Africa,5.6902961992902
1092,Sao Tome and Principe,2018,2.63,959.95,,,,Africa,7.86859628873909
1093,Sao Tome and Principe,2019,2.98,1087.7,,,,Africa,7.72024525213248
1094,Sao Tome and Principe,2020,3.29,1200.85,,,,Africa,9.81932791540146
1095,Sao Tome and Principe,2021,3.8,1387.0,1.09,0.22,1.31,Africa,8.13777038378732
1096,Sao Tome and Principe,2022,4.17,1522.05,,,,Africa,18.0056351122841
1097,Sao Tome and Principe,2023,4.43,1616.9499999999998,,,,Africa,21.2589138473
1098,Sao Tome and Principe,2024,4.64,1693.6,,,,Africa,
1099,Saudi Arabia,2017,2.46,897.9,,,,Asia,-0.838194579675018
1100,Saudi Arabia,2018,2.46,897.9,,,,Asia,2.45814158007532
1101,Saudi Arabia,2019,2.48,905.2,,,,Asia,-2.09333333333329
1102,Saudi Arabia,2020,2.43,886.95,,,,Asia,3.44545825956692
1103,Saudi Arabia,2021,2.62,956.3,0.37,0.65,1.02,Asia,3.06328988941547
1104,Saudi Arabia,2022,2.87,1047.55,,,,Asia,2.4740737192537
1105,Saudi Arabia,2023,2.96,1080.4,,,,Asia,2.32708518362692
1106,Saudi Arabia,2024,3.02,1102.3,,,,Asia,
1107,Senegal,2017,2.65,967.25,,,,Africa,1.3181531484778
1108,Senegal,2018,2.72,992.8,,,,Africa,0.460985642464282
1109,Senegal,2019,2.79,1018.35,,,,Africa,1.76011151192938
1110,Senegal,2020,2.88,1051.2,,,,Africa,2.54314685681652
1111,Senegal,2021,3.04,1109.6,0.63,0.3,0.93,Africa,2.18032278088147
1112,Senegal,2022,3.44,1255.6,,,,Africa,9.69681899081073
1113,Senegal,2023,3.63,1324.95,,,,Africa,5.93947798773215
1114,Senegal,2024,3.73,1361.45,,,,Africa,
1115,Serbia,2017,3.56,1299.4,,,,Europe,3.13106248590115
1116,Serbia,2018,3.64,1328.6,,,,Europe,1.95984076293801
1117,Serbia,2019,3.84,1401.6,,,,Europe,1.84922984511086
1118,Serbia,2020,3.86,1408.9,,,,Europe,1.57553290083415
1119,Serbia,2021,4.01,1463.65,0.86,0.75,1.61,Europe,4.08510285335102
1120,Serbia,2022,4.64,1693.6,,,,Europe,11.9815117344703
1121,Serbia,2023,5.19,1894.35,,,,Europe,12.3719043552519
1122,Serbia,2024,5.28,1927.2,,,,Europe,
1123,Seychelles,2017,3.53,1288.4499999999998,,,,Africa,2.85679575568437
1124,Seychelles,2018,3.5,1277.5,,,,Africa,3.70291839111568
1125,Seychelles,2019,3.53,1288.4499999999998,,,,Africa,1.80709400809982
1126,Seychelles,2020,3.46,1262.9,,,,Africa,1.20266463987123
1127,Seychelles,2021,3.79,1383.35,1.2,0.33,1.53,Africa,9.76909936973542
1128,Seychelles,2022,4.05,1478.25,,,,Africa,2.6260363285129
1129,Seychelles,2023,4.22,1540.3,,,,Africa,-1.03530088431952
1130,Seychelles,2024,4.31,1573.15,,,,Africa,
1131,Sierra Leone,2017,2.64,963.6,,,,Africa,18.2215094003386
1132,Sierra Leone,2018,2.8,1022.0,,,,Africa,16.0295447693699
1133,Sierra Leone,2019,2.76,1007.4,,,,Africa,14.8049990906021
1134,Sierra Leone,2020,2.83,1032.95,,,,Africa,13.4468711101052
1135,Sierra Leone,2021,3.08,1124.2,0.43,0.26,0.69,Africa,11.8739588840234
1136,Sierra Leone,2022,3.39,1237.35,,,,Africa,27.2082883814653
1137,Sierra Leone,2023,3.74,1365.1,,,,Africa,47.6428733253179
1138,Sierra Leone,2024,3.84,1401.6,,,,Africa,
1139,Singapore,2017,2.78,1014.7,,,,Asia,0.576260310166349
1140,Singapore,2018,2.86,1043.9,,,,Asia,0.43862011844684
1141,Singapore,2019,2.92,1065.8,,,,Asia,0.565260568780326
1142,Singapore,2020,3.0,1095.0,,,,Asia,-0.181916666666634
1143,Singapore,2021,3.09,1127.85,0.72,0.78,1.5,Asia,2.30485959040484
1144,Singapore,2022,3.31,1208.15,,,,Asia,6.12106004039418
1145,Singapore,2023,3.46,1262.9,,,,Asia,4.82146729476466
1146,Singapore,2024,3.52,1284.8,,,,Asia,
1147,Sint Maarten (Dutch part),2017,4.43,1616.9499999999998,,,,,2.19201010962985
1148,Sint Maarten (Dutch part),2018,4.58,1671.7,,,,,
1149,Sint Maarten (Dutch part),2019,4.67,1704.55,,,,,
1150,Sint Maarten (Dutch part),2020,4.78,1744.7,,,,,
1151,Sint Maarten (Dutch part),2021,4.82,1759.3000000000002,,,,,
1152,Sint Maarten (Dutch part),2022,4.93,1799.4499999999998,,,,,
1153,Sint Maarten (Dutch part),2023,5.06,1846.9,,,,,
1154,Sint Maarten (Dutch part),2024,5.17,1887.05,,,,,
1155,Slovakia,2017,2.46,897.9,,,,Europe,
1156,Slovakia,2018,2.53,923.45,,,,Europe,
1157,Slovakia,2019,2.69,981.85,,,,Europe,
1158,Slovakia,2020,2.89,1054.85,,,,Europe,
1159,Slovakia,2021,3.01,1098.65,0.93,0.65,1.58,Europe,
1160,Slovakia,2022,3.54,1292.1,,,,Europe,
1161,Slovakia,2023,4.14,1511.1,,,,Europe,
1162,Slovakia,2024,4.25,1551.25,,,,Europe,
1163,Slovenia,2017,2.6,949.0,,,,Europe,1.42910743319306
1164,Slovenia,2018,2.7,985.5,,,,Europe,1.7386086198818
1165,Slovenia,2019,2.85,1040.25,,,,Europe,1.63052260754344
1166,Slovenia,2020,2.98,1087.7,,,,Europe,-0.05485681576061
1167,Slovenia,2021,3.01,1098.65,0.76,0.74,1.5,Europe,1.91706506089259
1168,Slovenia,2022,3.42,1248.3,,,,Europe,8.83369886749452
1169,Slovenia,2023,3.72,1357.8000000000002,,,,Europe,7.44687717385838
1170,Slovenia,2024,3.81,1390.65,,,,Europe,
1171,Somalia,2017,3.61,1317.65,,,,Africa,
1172,Somalia,2018,3.88,1416.2,,,,Africa,
1173,Somalia,2019,3.98,1452.7,,,,Africa,
1174,Somalia,2020,3.93,1434.45,,,,Africa,
1175,Somalia,2021,4.08,1489.2,0.78,0.36,1.14,Africa,
1176,Somalia,2022,4.65,1697.2500000000002,,,,Africa,
1177,Somalia,2023,4.65,1697.2500000000002,,,,Africa,
1178,Somalia,2024,4.47,1631.55,,,,Africa,
1179,South Africa,2017,3.0,1095.0,,,,Africa,5.18424664766128
1180,South Africa,2018,2.94,1073.1,,,,Africa,4.51716522786592
1181,South Africa,2019,2.94,1073.1,,,,Africa,4.12024587014984
1182,South Africa,2020,3.0,1095.0,,,,Africa,3.21003597454107
1183,South Africa,2021,3.14,1146.1,0.63,0.61,1.24,Africa,4.61167217803206
1184,South Africa,2022,3.46,1262.9,,,,Africa,7.03972661255866
1185,South Africa,2023,3.76,1372.4,,,,Africa,6.0739085322053
1186,South Africa,2024,3.89,1419.85,,,,Africa,
1187,South Sudan,2017,3.13,1142.45,,,,Africa,187.851630279442
1188,South Sudan,2018,3.11,1135.15,,,,Africa,83.5015294921999
1189,South Sudan,2019,3.55,1295.75,,,,Africa,87.2413641500033
1190,South Sudan,2020,3.41,1244.65,,,,Africa,29.6758435538571
1191,South Sudan,2021,3.9,1423.5,0.69,0.4,1.09,Africa,10.5167158294359
1192,South Sudan,2022,4.09,1492.85,,,,Africa,-6.68732094212672
1193,South Sudan,2023,5.33,1945.45,,,,Africa,2.38280434813759
1194,South Sudan,2024,8.39,3062.3500000000004,,,,Africa,
1195,Spain,2017,2.53,923.45,,,,Europe,1.95607633363963
1196,Spain,2018,2.57,938.05,,,,Europe,1.6749813686379
1197,Spain,2019,2.7,985.5,,,,Europe,0.699518994458739
1198,Spain,2020,2.75,1003.75,,,,Europe,-0.322753017299739
1199,Spain,2021,2.94,1073.1,0.8,0.84,1.64,Europe,3.0931351197642
1200,Spain,2022,3.4,1241.0,,,,Europe,8.39057634118627
1201,Spain,2023,3.83,1397.95,,,,Europe,3.53236133492433
1202,Spain,2024,3.98,1452.7,,,,Europe,
1203,Sri Lanka,2017,3.86,1408.9,,,,Asia,7.70413767850602
1204,Sri Lanka,2018,3.81,1390.65,,,,Asia,2.135037737132
1205,Sri Lanka,2019,3.7,1350.5,,,,Asia,3.52839358231811
1206,Sri Lanka,2020,3.65,1332.25,,,,Asia,6.15394508391738
1207,Sri Lanka,2021,4.27,1558.55,0.97,1.01,1.98,Asia,7.01478071238195
1208,Sri Lanka,2022,4.87,1777.55,,,,Asia,49.7211021114327
1209,Sri Lanka,2023,4.89,1784.85,,,,Asia,16.5411742279832
1210,Sri Lanka,2024,5.16,1883.4,,,,Asia,
1211,Sudan,2017,2.59,945.35,,,,Africa,32.3516260968437
1212,Sudan,2018,2.77,1011.05,,,,Africa,63.2925073455888
1213,Sudan,2019,2.87,1047.55,,,,Africa,50.9940515002965
1214,Sudan,2020,2.86,1043.9,,,,Africa,163.257782355458
1215,Sudan,2021,3.03,1105.9499999999998,0.6,0.36,0.96,Africa,359.093040778999
1216,Sudan,2022,2.75,1003.75,,,,Africa,138.80846024176
1217,Sudan,2023,2.94,1073.1,,,,Africa,
1218,Sudan,2024,3.32,1211.8,,,,Africa,
1219,Suriname,2017,4.4,1606.0000000000002,,,,South America,21.9969430173304
1220,Suriname,2018,4.33,1580.45,,,,South America,
1221,Suriname,2019,4.67,1704.55,,,,South America,
1222,Suriname,2020,4.94,1803.1,,,,South America,34.889784309078
1223,Suriname,2021,5.44,1985.6,1.45,1.07,2.52,South America,59.1196626251977
1224,Suriname,2022,5.88,2146.2,,,,South America,52.446027276241
1225,Suriname,2023,6.4,2336.0,,,,South America,51.5873159600861
1226,Suriname,2024,6.16,2248.4,,,,South America,
1227,Sweden,2017,2.71,989.15,,,,Europe,1.79449904665589
1228,Sweden,2018,2.77,1011.05,,,,Europe,1.95353530127028
1229,Sweden,2019,2.91,1062.15,,,,Europe,1.78415097403835
1230,Sweden,2020,3.0,1095.0,,,,Europe,0.497367318853572
1231,Sweden,2021,3.06,1116.9,0.89,0.8,1.69,Europe,2.16319736447153
1232,Sweden,2022,3.5,1277.5,,,,Europe,8.36929098869189
1233,Sweden,2023,3.83,1397.95,,,,Europe,8.54862489748902
1234,Sweden,2024,3.89,1419.85,,,,Europe,
1235,Switzerland,2017,2.39,872.35,,,,Europe,0.533787839825897
1236,Switzerland,2018,2.45,894.2500000000001,,,,Europe,0.936335464113563
1237,Switzerland,2019,2.55,930.75,,,,Europe,0.362886179940614
1238,Switzerland,2020,2.59,945.35,,,,Europe,-0.725874933313384
1239,Switzerland,2021,2.63,959.95,0.69,0.63,1.3199999999999998,Europe,0.581814168489856
1240,Switzerland,2022,2.84,1036.6,,,,Europe,2.83502798644463
1241,Switzerland,2023,3.01,1098.65,,,,Europe,2.13540088016377
1242,Switzerland,2024,3.07,1120.55,,,,Europe,
1243,Syrian Arab Republic,2017,2.5,912.5,,,,,18.0752696281771
1244,Syrian Arab Republic,2018,2.54,927.1,,,,,0.940983843906769
1245,Syrian Arab Republic,2019,2.61,952.65,,,,,13.4175653228571
1246,Syrian Arab Republic,2020,3.91,1427.15,,,,,
1247,Syrian Arab Republic,2021,5.01,1828.65,0.36,0.83,1.19,,
1248,Syrian Arab Republic,2022,5.4,1971.0,,,,,
1249,Syrian Arab Republic,2023,5.61,2047.65,,,,,
1250,Syrian Arab Republic,2024,5.77,2106.05,,,,,
1251,Tajikistan,2017,2.99,1091.35,,,,Asia,
1252,Tajikistan,2018,2.99,1091.35,,,,Asia,
1253,Tajikistan,2019,3.17,1157.05,,,,Asia,
1254,Tajikistan,2020,3.43,1251.95,,,,Asia,
1255,Tajikistan,2021,3.53,1288.4499999999998,0.51,0.84,1.35,Asia,
1256,Tajikistan,2022,3.68,1343.2,,,,Asia,
1257,Tajikistan,2023,3.68,1343.2,,,,Asia,
1258,Tajikistan,2024,3.62,1321.3,,,,Asia,
1259,Thailand,2017,4.27,1558.55,,,,Asia,0.665631893135106
1260,Thailand,2018,4.34,1584.1,,,,Asia,1.06389754183015
1261,Thailand,2019,4.5,1642.5,,,,Asia,0.706728601314311
1262,Thailand,2020,4.65,1697.2500000000002,,,,Asia,-0.845937147357041
1263,Thailand,2021,4.75,1733.75,0.94,0.83,1.77,Asia,1.23039541318384
1264,Thailand,2022,5.17,1887.05,,,,Asia,6.07741228434321
1265,Thailand,2023,5.46,1992.9,,,,Asia,1.22802623546169
1266,Thailand,2024,5.65,2062.25,,,,Asia,
1267,Togo,2017,2.54,927.1,,,,Africa,-0.981889868943119
1268,Togo,2018,2.6,949.0,,,,Africa,0.927755426457183
1269,Togo,2019,2.65,967.25,,,,Africa,0.674652770077436
1270,Togo,2020,2.81,1025.65,,,,Africa,1.69928463299408
1271,Togo,2021,3.12,1138.8,0.38,0.3,0.6799999999999999,Africa,4.1862150652352
1272,Togo,2022,3.5,1277.5,,,,Africa,7.96757361617945
1273,Togo,2023,3.58,1306.7,,,,Africa,
1274,Togo,2024,3.76,1372.4,,,,Africa,
1275,Trinidad and Tobago,2017,3.72,1357.8000000000002,,,,North America,1.88038440183532
1276,Trinidad and Tobago,2018,3.87,1412.55,,,,North America,1.01856930188822
1277,Trinidad and Tobago,2019,3.93,1434.45,,,,North America,1.00054293027237
1278,Trinidad and Tobago,2020,4.11,1500.15,,,,North America,0.598986330824643
1279,Trinidad and Tobago,2021,4.43,1616.9499999999998,1.08,1.19,2.27,North America,2.05922746915458
1280,Trinidad and Tobago,2022,4.98,1817.7,,,,North America,5.82838638517959
1281,Trinidad and Tobago,2023,5.35,1952.75,,,,North America,4.62930242419968
1282,Trinidad and Tobago,2024,5.56,2029.4,,,,North America,
1283,Tunisia,2017,3.66,1335.9,,,,Africa,5.30884839565844
1284,Tunisia,2018,3.72,1357.8000000000002,,,,Africa,7.30759176031652
1285,Tunisia,2019,3.79,1383.35,,,,Africa,6.72007532863799
1286,Tunisia,2020,3.81,1390.65,,,,Africa,5.63415115897625
1287,Tunisia,2021,3.97,1449.0500000000002,0.6,1.17,1.77,Africa,5.706350208307
1288,Tunisia,2022,4.38,1598.7,,,,Africa,8.30646124447623
1289,Tunisia,2023,4.77,1741.05,,,,Africa,9.32899597507865
1290,Tunisia,2024,5.02,1832.3,,,,Africa,
1291,Turks and Caicos Islands,2017,2.8,1022.0,,,,North America,
1292,Turks and Caicos Islands,2018,2.91,1062.15,,,,North America,
1293,Turks and Caicos Islands,2019,2.99,1091.35,,,,North America,
1294,Turks and Caicos Islands,2020,3.13,1142.45,,,,North America,
1295,Turks and Caicos Islands,2021,3.27,1193.55,,,,North America,
1296,Turks and Caicos Islands,2022,3.63,1324.95,,,,North America,
1297,Turks and Caicos Islands,2023,3.88,1416.2,,,,North America,
1298,Turks and Caicos Islands,2024,4.05,1478.25,,,,North America,
1299,TÃ¼rkiye,2017,3.45,1259.25,,,,,
1300,TÃ¼rkiye,2018,3.59,1310.35,,,,,
1301,TÃ¼rkiye,2019,3.88,1416.2,,,,,
1302,TÃ¼rkiye,2020,3.73,1361.45,,,,,
1303,TÃ¼rkiye,2021,3.8,1387.0,0.6,0.96,1.56,,
1304,TÃ¼rkiye,2022,4.44,1620.6,,,,,
1305,TÃ¼rkiye,2023,4.65,1697.2500000000002,,,,,
1306,TÃ¼rkiye,2024,4.77,1741.05,,,,,
1307,Uganda,2017,3.12,1138.8,,,,Africa,5.20971705914209
1308,Uganda,2018,3.03,1105.9499999999998,,,,Africa,2.61601190952274
1309,Uganda,2019,2.93,1069.45,,,,Africa,2.867588034469
1310,Uganda,2020,2.9,1058.5,,,,Africa,3.31332289544502
1311,Uganda,2021,2.95,1076.75,0.4,0.28,0.68,Africa,2.20457204757414
1312,Uganda,2022,3.36,1226.4,,,,Africa,7.1957888597581
1313,Uganda,2023,3.68,1343.2,,,,Africa,5.35094804280395
1314,Uganda,2024,3.65,1332.25,,,,Africa,
1315,United Arab Emirates,2017,2.46,897.9,,,,Asia,1.96682557818842
1316,United Arab Emirates,2018,2.74,1000.1,,,,Asia,3.06863379251997
1317,United Arab Emirates,2019,2.87,1047.55,,,,Asia,-1.93108114782173
1318,United Arab Emirates,2020,2.85,1040.25,,,,Asia,-2.07940317940944
1319,United Arab Emirates,2021,2.66,970.9,0.3,0.45,0.75,Asia,0.179935336174431
1320,United Arab Emirates,2022,2.93,1069.45,,,,Asia,5.29122604376849
1321,United Arab Emirates,2023,3.11,1135.15,,,,Asia,1.62670837213248
1322,United Arab Emirates,2024,3.22,1175.3000000000002,,,,Asia,
1323,United Kingdom of Great Britain and Northern Ireland,2017,1.7,620.5,,,,,
1324,United Kingdom of Great Britain and Northern Ireland,2018,1.75,638.75,,,,,
1325,United Kingdom of Great Britain and Northern Ireland,2019,1.83,667.95,,,,,
1326,United Kingdom of Great Britain and Northern Ireland,2020,1.86,678.9000000000001,,,,,
1327,United Kingdom of Great Britain and Northern Ireland,2021,1.9,693.5,0.43,0.57,1.0,,
1328,United Kingdom of Great Britain and Northern Ireland,2022,2.21,806.65,,,,,
1329,United Kingdom of Great Britain and Northern Ireland,2023,2.5,912.5,,,,,
1330,United Kingdom of Great Britain and Northern Ireland,2024,2.56,934.4,,,,,
1331,United Republic of Tanzania,2017,2.14,781.1,,,,,
1332,United Republic of Tanzania,2018,2.3,839.4999999999999,,,,,
1333,United Republic of Tanzania,2019,2.45,894.2500000000001,,,,,
1334,United Republic of Tanzania,2020,2.64,963.6,,,,,
1335,United Republic of Tanzania,2021,2.79,1018.35,0.21,0.17,0.38,,
1336,United Republic of Tanzania,2022,3.1,1131.5,,,,,
1337,United Republic of Tanzania,2023,3.32,1211.8,,,,,
1338,United Republic of Tanzania,2024,3.37,1230.05,,,,,
1339,United States of America,2017,2.17,792.05,,,,,
1340,United States of America,2018,2.18,795.7,,,,,
1341,United States of America,2019,2.2,803.0000000000001,,,,,
1342,United States of America,2020,2.28,832.1999999999999,,,,,
1343,United States of America,2021,2.36,861.4,0.74,0.53,1.27,,
1344,United States of America,2022,2.63,959.95,,,,,
1345,United States of America,2023,2.76,1007.4,,,,,
1346,United States of America,2024,2.79,1018.35,,,,,
1347,Uruguay,2017,2.78,1014.7,,,,South America,6.2180938256186
1348,Uruguay,2018,2.93,1069.45,,,,South America,7.60653360377047
1349,Uruguay,2019,3.08,1124.2,,,,South America,7.88198870879619
1350,Uruguay,2020,3.45,1259.25,,,,South America,9.75640636078194
1351,Uruguay,2021,3.65,1332.25,0.74,0.9,1.64,South America,7.74791402314762
1352,Uruguay,2022,4.01,1463.65,,,,South America,9.10437983075437
1353,Uruguay,2023,4.29,1565.85,,,,South America,5.86910359896119
1354,Uruguay,2024,4.41,1609.65,,,,South America,
1355,Uzbekistan,2017,4.11,1500.15,,,,Asia,13.8757425441634
1356,Uzbekistan,2018,4.06,1481.9,,,,Asia,17.5241796514057
1357,Uzbekistan,2019,4.0,1460.0,,,,Asia,14.5257359560685
1358,Uzbekistan,2020,3.97,1449.0500000000002,,,,Asia,12.8677297362606
1359,Uzbekistan,2021,4.06,1481.9,0.47,1.03,1.5,Asia,10.849239750812
1360,Uzbekistan,2022,4.52,1649.8,,,,Asia,11.4466436998834
1361,Uzbekistan,2023,4.78,1744.7,,,,Asia,
1362,Uzbekistan,2024,4.67,1704.55,,,,Asia,
1363,Viet Nam,2017,3.27,1193.55,,,,,3.52025688811617
1364,Viet Nam,2018,3.33,1215.45,,,,,3.53962805942641
1365,Viet Nam,2019,3.47,1266.5500000000002,,,,,2.7958236745225
1366,Viet Nam,2020,3.79,1383.35,,,,,3.22093436652514
1367,Viet Nam,2021,3.88,1416.2,0.65,0.63,1.28,,1.83471554810444
1368,Viet Nam,2022,4.17,1522.05,,,,,3.15650749963129
1369,Viet Nam,2023,4.35,1587.7499999999998,,,,,3.25289282667662
1370,Viet Nam,2024,4.49,1638.85,,,,,
1371,Zambia,2017,2.73,996.45,,,,Africa,6.57731154205644
1372,Zambia,2018,2.79,1018.35,,,,Africa,7.4945719272852
1373,Zambia,2019,2.88,1051.2,,,,Africa,9.15031644316296
1374,Zambia,2020,2.96,1080.4,,,,Africa,15.7330604721369
1375,Zambia,2021,3.28,1197.1999999999998,0.31,0.36,0.6699999999999999,Africa,22.0207676245777
1376,Zambia,2022,3.61,1317.65,,,,Africa,10.9932039209136
1377,Zambia,2023,3.81,1390.65,,,,Africa,10.884531691282
1378,Zambia,2024,3.99,1456.35,,,,Africa,
1379,Zimbabwe,2017,3.54,1292.1,,,,Africa,0.893962316050027
